Rk,Name,Team,Age,Pos,GP,G,A,P,PIM,+/-,TOI,ES,PP,SH,ESG,PPG,SHG,GWG,OTG,ESA,PPA,SHA,GWA,OTA,ESP,PPP,SHP,GWP,OTP,PPP%,G/60,A/60,P/60,ESG/60,ESA/60,ESP/60,PPG/60,PPA/60,PPP/60,G/GP,A/GP,P/GP,SHOTS,SH%,HITS,BS,FOW,FOL,FO%
1,Connor McDavid,EDM,25,F,65,54,70,124,26,10,22:43,17:23,4:01,1:17,33,18,3,9,1,28,40,2,11,1,61,58,5,20,2,46.8%,2.194,2.844,5.038,1.751,1.486,3.238,4.126,9.168,13.294,0.831,1.077,1.908,288,18.8%,71,35,413,381,52.02%
2,David Pastrnak,BOS,26,F,62,44,40,84,32,29,19:45,15:51,3:51,0:02,30,14,0,7,2,24,16,0,10,1,54,30,0,17,3,35.7%,2.155,1.959,4.115,1.83,1.464,3.294,3.519,4.022,7.541,0.71,0.645,1.355,292,15.1%,69,26,6,9,40.00%
3,Mikko Rantanen,COL,26,F,62,42,31,73,56,5,22:25,18:15,4:08,0:02,33,9,0,8,3,15,16,0,5,0,48,25,0,13,3,34.2%,1.812,1.338,3.15,1.749,0.795,2.544,2.107,3.745,5.852,0.677,0.5,1.177,229,18.3%,69,34,154,183,45.70%
4,Tage Thompson,BUF,25,F,63,42,41,83,26,10,18:47,14:43,3:20,0:43,23,18,1,6,1,28,13,0,7,3,51,31,1,13,4,37.3%,2.128,2.078,4.206,1.487,1.811,3.298,5.118,3.697,8.815,0.667,0.651,1.317,240,17.5%,37,22,312,408,43.33%
5,Leon Draisaitl,EDM,27,F,63,41,55,96,22,-2,21:59,17:13,4:03,0:41,15,26,0,9,1,31,23,1,9,1,46,49,1,18,2,51.0%,1.776,2.382,4.158,0.829,1.714,2.543,6.09,5.387,11.478,0.651,0.873,1.524,191,21.5%,45,35,605,521,53.73%
6,Kirill Kaprizov,MIN,25,F,64,39,34,73,45,5,21:12,17:20,3:50,0:01,23,16,0,6,2,19,15,0,5,0,42,31,0,11,2,42.5%,1.724,1.503,3.228,1.244,1.028,2.271,3.902,3.658,7.56,0.609,0.531,1.141,250,15.6%,65,28,2,3,40.00%
7,Brayden Point,TBL,26,F,64,39,35,74,7,-1,19:37,15:40,3:54,0:01,23,16,0,8,1,25,10,0,6,1,48,26,0,14,2,35.1%,1.863,1.672,3.535,1.375,1.495,2.87,3.835,2.397,6.232,0.609,0.547,1.156,190,20.5%,30,25,328,310,51.41%
8,Jason Robertson,DAL,23,F,64,38,42,80,16,28,18:55,15:38,3:16,0:00,29,9,0,5,0,24,18,0,5,0,53,27,0,10,0,33.8%,1.882,2.081,3.963,1.737,1.438,3.175,2.581,5.162,7.743,0.594,0.656,1.25,253,15.0%,41,12,0,1,0.00%
9,Jack Hughes,NJD,21,F,59,36,40,76,4,8,20:03,16:43,3:15,0:04,30,6,0,5,1,23,17,0,10,6,53,23,0,15,7,30.3%,1.825,2.027,3.852,1.823,1.398,3.221,1.869,5.296,7.166,0.61,0.678,1.288,266,13.5%,11,18,108,200,35.06%
10,Alexander Ovechkin,WSH,37,F,60,36,25,61,26,-6,20:18,15:24,4:52,0:01,25,11,0,3,1,16,9,0,5,0,41,20,0,8,1,32.8%,1.772,1.231,3.003,1.623,1.039,2.662,2.255,1.845,4.1,0.6,0.417,1.017,252,14.3%,149,20,3,4,42.86%
11,Bo Horvat,NYI,27,F,63,36,26,62,18,5,20:56,15:35,3:41,1:38,20,12,4,5,1,17,8,1,4,0,37,20,5,9,1,32.3%,1.638,1.183,2.821,1.221,1.038,2.259,3.092,2.061,5.154,0.571,0.413,0.984,183,19.7%,44,48,781,606,56.31%
12,Mark Scheifele,WPG,29,F,64,36,21,57,37,-5,20:37,16:52,3:36,0:08,26,10,0,6,1,14,7,0,7,1,40,17,0,13,2,29.8%,1.637,0.955,2.591,1.445,0.778,2.222,2.594,1.816,4.41,0.563,0.328,0.891,170,21.2%,36,27,473,518,47.73%
13,William Nylander,TOR,26,F,64,33,43,76,22,15,18:25,14:33,3:37,0:14,25,8,0,5,3,27,16,0,12,1,52,24,0,17,4,31.6%,1.679,2.188,3.867,1.609,1.738,3.348,2.069,4.139,6.208,0.516,0.672,1.188,230,14.4%,14,19,20,32,38.46%
14,Timo Meier,NJD,26,F,59,32,21,53,29,-21,19:54,16:46,2:59,0:09,19,13,0,4,1,16,5,0,4,2,35,18,0,8,3,34.0%,1.634,1.072,2.706,1.152,0.97,2.123,4.427,1.703,6.129,0.542,0.356,0.898,262,12.2%,120,28,21,32,39.62%
15,Mika Zibanejad,NYR,29,F,63,32,35,67,14,18,20:33,14:40,3:47,2:06,12,19,1,4,0,24,10,1,7,3,36,29,2,11,3,43.3%,1.482,1.621,3.104,0.779,1.558,2.338,4.782,2.517,7.298,0.508,0.556,1.063,211,15.2%,55,36,522,550,48.69%
16,Carter Verhaeghe,FLA,27,F,64,32,23,55,40,10,17:31,15:25,2:04,0:01,26,6,0,2,1,20,3,0,2,0,46,9,0,4,1,16.4%,1.713,1.231,2.943,1.581,1.216,2.797,2.718,1.359,4.077,0.5,0.359,0.859,211,15.2%,27,27,14,18,43.75%
17,Tim Stützle,OTT,20,F,59,31,35,66,42,0,20:40,15:36,3:51,1:12,22,8,1,3,1,20,15,0,6,2,42,23,1,9,3,34.8%,1.524,1.721,3.246,1.433,1.303,2.736,2.11,3.956,6.065,0.525,0.593,1.119,173,17.9%,89,38,148,226,39.57%
18,Jared McCann,SEA,26,F,61,31,19,50,10,9,15:47,12:25,2:33,0:48,24,6,1,2,0,11,8,0,4,1,35,14,1,6,1,28.0%,1.931,1.184,3.115,1.901,0.871,2.772,2.312,3.083,5.394,0.508,0.311,0.82,141,22.0%,47,17,23,46,33.33%
19,Roope Hintz,DAL,26,F,56,30,29,59,22,24,17:30,13:39,2:56,0:54,19,8,3,4,0,18,11,0,2,0,37,19,3,6,0,32.2%,1.835,1.774,3.609,1.49,1.412,2.902,2.912,4.004,6.916,0.536,0.518,1.054,146,20.6%,38,36,203,187,52.05%
20,Elias Pettersson,VAN,24,F,61,30,49,79,10,9,20:19,14:50,3:48,1:39,24,2,4,4,3,31,15,3,3,0,55,17,7,7,3,21.5%,1.452,2.372,3.824,1.59,2.054,3.644,0.515,3.866,4.381,0.492,0.803,1.295,204,14.7%,51,76,335,429,43.85%
21,Ryan Nugent-Hopkins,EDM,29,F,65,30,48,78,33,6,19:55,14:09,3:57,1:49,18,11,1,2,0,15,31,2,4,0,33,42,3,6,0,53.8%,1.389,2.223,3.612,1.174,0.978,2.152,2.57,7.242,9.811,0.462,0.738,1.2,157,19.1%,38,24,285,346,45.17%
22,Adrian Kempe,LAK,26,F,65,30,19,49,34,13,18:50,14:15,3:02,1:32,19,9,2,4,1,14,5,0,1,0,33,14,2,5,1,28.6%,1.47,0.931,2.4,1.23,0.906,2.136,2.738,1.521,4.259,0.462,0.292,0.754,195,15.4%,87,26,16,35,31.37%
23,Auston Matthews,TOR,25,F,57,29,33,62,16,21,19:56,16:14,3:39,0:02,18,11,0,6,0,23,10,0,3,1,41,21,0,9,1,33.9%,1.531,1.742,3.273,1.167,1.491,2.657,3.166,2.878,6.044,0.509,0.579,1.088,236,12.3%,68,79,429,382,52.90%
24,Andrei Kuzmenko,VAN,26,F,62,29,27,56,6,5,16:13,13:14,2:58,0:00,19,10,0,3,2,25,2,0,4,1,44,12,0,7,3,21.4%,1.73,1.611,3.341,1.388,1.827,3.215,3.259,0.652,3.91,0.468,0.435,0.903,113,25.7%,11,16,0,0,0.00%
25,Zach Hyman,EDM,30,F,64,29,43,72,35,14,20:36,16:22,3:31,0:42,16,13,0,2,0,34,9,0,13,0,50,22,0,15,0,30.6%,1.319,1.955,3.274,0.916,1.946,2.862,3.453,2.391,5.844,0.453,0.672,1.125,236,12.3%,59,18,5,6,45.45%
26,Alex Tuch,BUF,26,F,57,28,34,62,16,12,18:58,14:19,3:23,1:15,22,6,0,6,1,25,9,0,5,2,47,15,0,11,3,24.2%,1.553,1.885,3.438,1.616,1.837,3.453,1.862,2.792,4.654,0.491,0.596,1.088,164,17.1%,39,36,24,25,48.98%
27,Matthew Tkachuk,FLA,25,F,62,28,53,81,90,17,20:30,15:46,4:17,0:25,18,10,0,2,0,37,15,1,9,1,55,25,1,11,1,30.9%,1.322,2.502,3.824,1.104,2.269,3.373,2.254,3.381,5.635,0.452,0.855,1.306,245,11.4%,44,27,11,14,44.00%
28,Sidney Crosby,PIT,35,F,63,28,48,76,46,7,20:06,16:11,3:51,0:03,21,7,0,7,1,35,13,0,9,3,56,20,0,16,4,26.3%,1.326,2.274,3.6,1.236,2.06,3.296,1.728,3.208,4.936,0.444,0.762,1.206,184,15.2%,62,33,739,648,53.28%
29,John Tavares,TOR,32,F,63,28,34,62,28,-1,17:30,13:59,3:30,0:00,16,12,0,5,0,18,16,0,6,2,34,28,0,11,2,45.2%,1.523,1.85,3.373,1.089,1.225,2.313,3.265,4.353,7.617,0.444,0.54,0.984,226,12.4%,94,26,566,403,58.41%
30,Travis Konecny,PHI,25,F,52,27,27,54,69,-10,20:03,15:05,2:58,1:59,19,5,3,5,0,15,9,3,1,0,34,14,6,6,0,25.9%,1.554,1.554,3.107,1.453,1.147,2.599,1.944,3.5,5.444,0.519,0.519,1.038,167,16.2%,48,34,25,27,48.08%
31,Sebastian Aho,CAR,25,F,55,27,28,55,24,15,19:31,14:15,3:19,1:55,18,6,3,7,1,19,8,1,3,1,37,14,4,10,2,25.5%,1.509,1.565,3.073,1.377,1.453,2.83,1.965,2.62,4.584,0.491,0.509,1,170,15.9%,45,18,420,393,51.66%
32,Jeff Skinner,BUF,30,F,60,27,36,63,31,10,17:29,14:08,3:19,0:02,19,8,0,1,0,26,10,0,6,0,45,18,0,7,0,28.6%,1.543,2.057,3.6,1.343,1.838,3.181,2.411,3.014,5.425,0.45,0.6,1.05,177,15.3%,17,13,118,126,48.36%
33,Chris Kreider,NYR,31,F,60,27,17,44,16,17,19:05,13:31,3:42,1:50,17,6,4,2,1,8,9,0,3,0,25,15,4,5,1,34.1%,1.414,0.89,2.305,1.257,0.591,1.848,1.615,2.422,4.037,0.45,0.283,0.733,186,14.5%,102,19,31,40,43.66%
34,Nico Hischier,NJD,23,F,62,27,31,58,6,28,19:17,14:04,3:04,2:09,19,6,2,7,2,21,9,1,5,1,40,15,3,12,3,25.9%,1.354,1.555,2.909,1.307,1.444,2.751,1.892,2.838,4.729,0.435,0.5,0.935,200,13.5%,22,47,687,598,53.46%
35,Steven Stamkos,TBL,32,F,64,27,38,65,34,-3,19:17,14:50,4:05,0:21,16,11,0,4,2,22,16,0,7,2,38,27,0,11,4,41.5%,1.312,1.847,3.159,1.011,1.39,2.4,2.519,3.663,6.182,0.422,0.594,1.016,204,13.2%,76,38,413,338,54.99%
36,Kyle Connor,WPG,26,F,64,27,42,69,14,0,20:36,16:33,3:37,0:24,20,7,0,8,2,25,17,0,7,0,45,24,0,15,2,34.8%,1.229,1.911,3.14,1.132,1.415,2.547,1.808,4.392,6.2,0.422,0.656,1.078,222,12.2%,36,20,2,5,28.57%
37,Brock Nelson,NYI,31,F,66,27,34,61,24,6,18:46,14:56,3:04,0:45,22,5,0,5,0,23,11,0,7,1,45,16,0,12,1,26.2%,1.307,1.646,2.954,1.338,1.399,2.738,1.479,3.255,4.734,0.409,0.515,0.924,187,14.4%,44,36,407,463,46.78%
38,Cole Caufield,MTL,21,F,46,26,10,36,2,-10,18:02,14:46,3:15,0:00,19,7,0,3,0,7,3,0,1,0,26,10,0,4,0,27.8%,1.879,0.723,2.602,1.677,0.618,2.295,2.797,1.199,3.996,0.565,0.217,0.783,158,16.5%,18,12,0,0,0.00%
39,Nathan MacKinnon,COL,27,F,51,26,50,76,24,22,22:23,18:13,4:04,0:06,21,5,0,2,0,34,16,0,10,1,55,21,0,12,1,27.6%,1.366,2.626,3.992,1.356,2.195,3.551,1.444,4.62,6.064,0.51,0.98,1.49,265,9.8%,35,29,410,487,45.71%
40,Jordan Kyrou,STL,24,F,60,26,31,57,12,-35,18:21,15:16,3:04,0:01,16,10,0,4,1,20,10,1,6,2,36,20,1,10,3,35.1%,1.416,1.688,3.104,1.048,1.31,2.358,3.249,3.249,6.498,0.433,0.517,0.95,210,12.4%,10,29,5,6,45.45%
41,Claude Giroux,OTT,34,F,63,26,37,63,20,7,18:19,14:49,2:39,0:50,19,7,0,5,1,22,14,1,6,1,41,21,1,11,2,33.3%,1.351,1.923,3.274,1.221,1.414,2.634,2.51,5.02,7.53,0.413,0.587,1,156,16.7%,50,24,512,355,59.05%
42,Brady Tkachuk,OTT,23,F,63,26,40,66,96,-5,18:23,14:13,4:07,0:03,20,6,0,6,2,24,16,0,5,1,44,22,0,11,3,33.3%,1.346,2.07,3.416,1.339,1.607,2.946,1.388,3.7,5.088,0.413,0.635,1.048,259,10.0%,186,8,285,303,48.47%
43,Jamie Benn,DAL,33,F,64,26,31,57,26,19,15:39,11:47,2:53,0:58,14,10,2,3,0,19,11,1,3,0,33,21,3,6,0,36.8%,1.556,1.855,3.411,1.113,1.51,2.622,3.246,3.57,6.816,0.406,0.484,0.891,148,17.6%,77,29,416,279,59.86%
44,Clayton Keller,ARI,24,F,64,26,37,63,41,-10,20:36,16:53,3:16,0:26,20,6,0,3,1,26,11,0,7,0,46,17,0,10,1,27.0%,1.183,1.683,2.866,1.11,1.443,2.553,1.72,3.154,4.875,0.406,0.578,0.984,154,16.9%,13,26,18,33,35.29%
45,Tyler Toffoli,CGY,30,F,65,26,28,54,22,10,16:31,12:56,2:59,0:35,17,9,0,3,1,18,10,0,4,1,35,19,0,7,2,35.2%,1.453,1.564,3.017,1.213,1.285,2.498,2.771,3.079,5.85,0.4,0.431,0.831,202,12.9%,55,11,5,5,50.00%
46,Jake Guentzel,PIT,28,F,59,25,30,55,40,4,20:08,16:17,3:47,0:02,20,5,0,6,1,22,8,0,4,0,42,13,0,10,1,23.6%,1.263,1.515,2.778,1.248,1.373,2.621,1.34,2.143,3.483,0.424,0.508,0.932,182,13.7%,66,27,8,8,50.00%
47,Martin Necas,CAR,23,F,62,25,34,59,30,10,18:35,14:56,3:05,0:34,17,8,0,4,3,19,14,1,8,2,36,22,1,12,5,37.3%,1.301,1.77,3.071,1.102,1.231,2.333,2.511,4.394,6.905,0.403,0.548,0.952,192,13.0%,40,17,143,183,43.87%
48,Dylan Cozens,BUF,21,F,62,25,30,55,32,7,16:27,12:17,2:52,1:17,20,3,2,1,1,17,12,1,4,1,37,15,3,5,2,27.3%,1.47,1.764,3.234,1.574,1.338,2.911,1.011,4.044,5.055,0.403,0.484,0.887,163,15.3%,46,24,437,456,48.94%
49,Jesper Bratt,NJD,24,F,63,25,33,58,6,12,17:39,14:42,2:54,0:02,17,8,0,3,1,21,12,0,8,1,38,20,0,11,2,34.5%,1.348,1.779,3.127,1.1,1.359,2.459,2.616,3.924,6.54,0.397,0.524,0.921,161,15.5%,19,18,0,0,0.00%
50,Nikita Kucherov,TBL,29,F,64,25,66,91,32,-4,20:15,16:05,4:09,0:00,17,8,0,4,0,34,32,0,12,1,51,40,0,16,1,44.0%,1.157,3.054,4.211,0.99,1.98,2.97,1.806,7.223,9.028,0.391,1.031,1.422,215,11.6%,47,24,1,0,100.00%
51,Anze Kopitar,LAK,35,F,65,25,33,58,4,12,20:23,15:21,3:09,1:51,19,6,0,3,0,23,9,1,5,0,42,15,1,8,0,25.9%,1.132,1.494,2.627,1.142,1.382,2.523,1.756,2.634,4.39,0.385,0.508,0.892,138,18.1%,61,73,706,557,55.90%
52,Pierre-Luc Dubois,WPG,24,F,61,24,31,55,71,0,18:23,14:44,3:33,0:05,15,9,0,1,0,20,11,0,7,2,35,20,0,8,2,36.4%,1.283,1.658,2.941,1.001,1.334,2.335,2.486,3.039,5.525,0.393,0.508,0.902,169,14.2%,55,36,419,435,49.06%
53,Anders Lee,NYI,32,F,66,24,20,44,42,4,17:14,14:04,3:09,0:00,20,4,0,4,0,12,8,0,0,0,32,12,0,4,0,27.3%,1.265,1.054,2.319,1.291,0.775,2.066,1.151,2.301,3.452,0.364,0.303,0.667,178,13.5%,103,43,25,22,53.19%
54,Jack Eichel,VGK,26,F,51,23,26,49,4,16,18:49,15:42,2:39,0:26,21,2,0,2,1,17,9,0,5,2,38,11,0,7,3,22.4%,1.438,1.625,3.063,1.572,1.273,2.845,0.883,3.973,4.855,0.451,0.51,0.961,181,12.7%,45,42,271,320,45.85%
55,Patrice Bergeron,BOS,37,F,62,23,25,48,18,31,17:48,12:37,3:23,1:47,14,7,2,6,0,18,7,0,7,3,32,14,2,13,3,29.2%,1.25,1.358,2.608,1.073,1.38,2.452,1.994,1.994,3.989,0.371,0.403,0.774,203,11.3%,50,48,837,547,60.48%
56,Dylan Larkin,DET,26,F,62,23,36,59,31,-7,19:30,14:03,3:36,1:50,10,12,1,4,0,26,10,0,5,0,36,22,1,9,0,37.3%,1.141,1.786,2.928,0.689,1.791,2.479,3.212,2.676,5.888,0.371,0.581,0.952,191,12.0%,35,25,559,475,54.06%
57,Evgeni Malkin,PIT,36,F,63,23,43,66,40,-6,18:36,14:31,4:03,0:01,14,9,0,2,0,24,19,0,9,5,38,28,0,11,5,42.4%,1.177,2.201,3.379,0.918,1.573,2.491,2.112,4.459,6.571,0.365,0.683,1.048,186,12.4%,38,23,340,333,50.52%
58,Victor Olofsson,BUF,27,F,63,23,9,32,4,-21,14:26,11:58,2:26,0:01,18,5,0,5,2,6,3,0,2,0,24,8,0,7,2,25.0%,1.517,0.594,2.111,1.431,0.477,1.908,1.951,1.171,3.122,0.365,0.143,0.508,139,16.6%,12,13,1,5,16.67%
59,Mitchell Marner,TOR,25,F,64,23,56,79,22,11,21:09,15:11,3:37,2:19,13,7,3,4,2,32,23,1,10,0,45,30,4,14,2,38.0%,1.019,2.482,3.502,0.803,1.975,2.778,1.807,5.936,7.742,0.359,0.875,1.234,156,14.7%,49,35,0,4,0.00%
60,Andrei Svechnikov,CAR,22,F,62,22,32,54,71,7,18:03,14:53,3:08,0:01,18,4,0,3,0,21,11,0,8,3,39,15,0,11,3,27.8%,1.179,1.715,2.893,1.17,1.365,2.535,1.23,3.384,4.614,0.355,0.516,0.871,199,11.1%,136,17,3,5,37.50%
61,Joel Eriksson Ek,MIN,25,F,64,22,27,49,32,-5,19:16,13:33,3:33,2:09,9,11,2,1,0,15,11,1,3,0,24,22,3,4,0,44.9%,1.07,1.314,2.384,0.622,1.037,1.66,2.9,2.9,5.8,0.344,0.422,0.766,201,11.0%,89,49,553,598,48.05%
62,Brandon Hagel,TBL,24,F,64,22,28,50,40,13,18:49,14:16,2:39,1:53,15,6,1,1,0,22,6,0,5,0,37,12,1,6,0,24.0%,1.095,1.394,2.49,0.985,1.444,2.429,2.121,2.121,4.242,0.344,0.438,0.781,133,16.5%,53,48,19,49,27.94%
63,Logan Couture,SJS,33,F,65,22,31,53,19,-19,18:54,13:38,2:54,2:21,18,3,1,3,1,20,11,0,4,0,38,14,1,7,1,26.4%,1.074,1.513,2.587,1.218,1.353,2.571,0.951,3.486,4.437,0.338,0.477,0.815,153,14.4%,109,60,522,605,46.32%
64,Kevin Fiala,LAK,26,F,65,22,45,67,52,-1,17:43,14:38,3:03,0:01,15,7,0,2,2,29,16,0,7,0,44,23,0,9,2,34.3%,1.146,2.343,3.489,0.945,1.828,2.773,2.112,4.827,6.939,0.338,0.692,1.031,199,11.1%,51,17,8,7,53.33%
65,Gabriel Vilardi,LAK,23,F,55,21,15,36,18,8,15:45,12:40,3:03,0:01,16,5,0,5,0,11,4,0,1,0,27,9,0,6,0,25.0%,1.453,1.038,2.491,1.377,0.947,2.325,1.783,1.426,3.209,0.382,0.273,0.655,110,19.1%,38,29,45,56,44.55%
66,Jason Zucker,PIT,30,F,59,21,18,39,41,1,15:36,14:03,1:32,0:00,19,2,0,4,1,12,6,0,1,0,31,8,0,5,1,20.5%,1.368,1.173,2.541,1.374,0.868,2.241,1.319,3.958,5.278,0.356,0.305,0.661,142,14.8%,157,19,4,11,26.67%
67,Lawson Crouse,ARI,25,F,59,21,13,34,24,4,17:56,13:56,1:49,2:10,17,4,0,2,0,13,0,0,3,0,30,4,0,5,0,11.8%,1.191,0.737,1.928,1.24,0.948,2.188,2.231,0,2.231,0.356,0.22,0.576,114,18.4%,151,44,24,34,41.38%
68,J.T. Miller,VAN,29,F,62,21,35,56,51,-14,20:36,15:02,4:01,1:32,10,9,2,1,0,17,15,3,4,2,27,24,5,5,2,42.9%,0.986,1.643,2.63,0.643,1.094,1.737,2.165,3.608,5.772,0.339,0.565,0.903,173,12.1%,133,41,272,235,53.65%
69,Rickard Rakell,PIT,29,F,63,21,23,44,16,3,18:44,15:37,3:06,0:00,13,8,0,1,0,18,5,0,6,2,31,13,0,7,2,29.5%,1.067,1.168,2.235,0.792,1.097,1.889,2.446,1.529,3.975,0.333,0.365,0.698,190,11.1%,107,42,9,8,52.94%
70,Dawson Mercer,NJD,21,F,63,21,25,46,14,17,15:56,13:26,1:17,1:12,18,2,1,5,1,18,6,1,0,0,36,8,2,5,1,17.4%,1.254,1.493,2.747,1.276,1.276,2.551,1.47,4.41,5.88,0.333,0.397,0.73,124,16.9%,28,46,60,85,41.38%
71,Reilly Smith,VGK,31,F,64,21,21,42,16,2,17:06,13:46,2:02,1:17,11,6,4,4,1,19,2,0,2,0,30,8,4,6,1,19.0%,1.151,1.151,2.302,0.749,1.294,2.042,2.758,0.919,3.677,0.328,0.328,0.656,159,13.2%,63,28,2,2,50.00%
72,Nicholas Suzuki,MTL,23,F,64,21,28,49,16,-9,21:19,16:12,3:31,1:35,14,6,1,2,0,20,8,0,4,1,34,14,1,6,1,28.6%,0.924,1.231,2.155,0.809,1.156,1.966,1.599,2.132,3.731,0.328,0.438,0.766,126,16.7%,36,44,512,569,47.36%
73,Trevor Zegras,ANA,21,F,64,21,33,54,68,-22,19:17,16:16,2:59,0:00,17,4,0,3,2,22,11,0,3,1,39,15,0,6,3,27.8%,1.021,1.604,2.624,0.979,1.267,2.246,1.252,3.444,4.696,0.328,0.516,0.844,149,14.1%,36,24,198,275,41.86%
74,Nazem Kadri,CGY,32,F,65,21,26,47,52,-13,17:35,14:19,3:09,0:07,12,9,0,3,0,18,8,0,5,0,30,17,0,8,0,36.2%,1.102,1.364,2.466,0.774,1.16,1.934,2.636,2.343,4.979,0.323,0.4,0.723,216,9.7%,76,27,468,524,47.18%
75,Sam Reinhart,FLA,27,F,65,21,24,45,10,-15,19:43,14:23,3:57,1:22,12,9,0,3,1,13,9,2,5,0,25,18,2,8,1,40.0%,0.983,1.123,2.106,0.77,0.834,1.604,2.097,2.097,4.194,0.323,0.369,0.692,179,11.7%,38,39,132,154,46.15%
76,Pavel Buchnevich,STL,27,F,48,20,34,54,22,10,19:27,14:38,3:12,1:36,13,7,0,2,0,20,12,2,6,1,33,19,2,8,1,35.2%,1.284,2.183,3.468,1.109,1.707,2.816,2.728,4.676,7.404,0.417,0.708,1.125,97,20.6%,46,15,7,30,18.92%
77,Nick Schmaltz,ARI,26,F,48,20,25,45,10,-1,19:29,15:51,2:56,0:41,14,6,0,2,0,19,5,1,3,1,33,11,1,5,1,24.4%,1.283,1.604,2.887,1.104,1.498,2.602,2.555,2.129,4.685,0.417,0.521,0.938,96,20.8%,9,23,34,49,40.96%
78,Patrik Laine,CBJ,24,F,49,20,23,43,16,-14,19:10,15:48,3:21,0:00,14,6,0,1,0,15,8,0,2,1,29,14,0,3,1,32.6%,1.277,1.469,2.746,1.084,1.161,2.245,2.191,2.922,5.113,0.408,0.469,0.878,158,12.7%,27,24,17,29,36.96%
79,Mats Zuccarello,MIN,35,F,62,20,38,58,22,1,20:22,16:28,3:47,0:06,12,8,0,3,1,21,17,0,6,2,33,25,0,9,3,43.1%,0.95,1.804,2.754,0.705,1.233,1.938,2.043,4.34,6.383,0.323,0.613,0.935,158,12.7%,36,44,20,31,39.22%
80,Alex DeBrincat,OTT,25,F,63,20,34,54,28,-20,19:00,14:51,4:06,0:03,11,9,0,3,1,18,16,0,4,1,29,25,0,7,2,46.3%,1.002,1.703,2.705,0.705,1.154,1.86,2.086,3.708,5.793,0.317,0.54,0.857,208,9.6%,98,27,8,5,61.54%
81,Michael Bunting,TOR,27,F,64,20,23,43,68,24,16:02,14:08,1:53,0:00,15,5,0,3,0,20,3,0,5,0,35,8,0,8,0,18.6%,1.169,1.344,2.513,0.994,1.325,2.319,2.48,1.488,3.969,0.313,0.359,0.672,126,15.9%,61,15,1,1,50.00%
82,Jake DeBrusk,BOS,26,F,44,19,18,37,8,21,17:04,12:37,3:04,1:21,13,6,0,5,0,10,7,1,2,0,23,13,1,7,0,35.1%,1.518,1.438,2.956,1.404,1.08,2.484,2.661,3.104,5.765,0.432,0.409,0.841,136,14.0%,62,14,2,7,22.22%
83,Filip Forsberg,NSH,28,F,50,19,23,42,20,-4,17:28,14:21,3:05,0:01,15,4,0,2,0,14,9,0,2,0,29,13,0,4,0,31.0%,1.305,1.58,2.885,1.254,1.171,2.425,1.55,3.487,5.037,0.38,0.46,0.84,157,12.1%,86,20,0,1,0.00%
84,Boone Jenner,CBJ,29,F,53,19,17,36,32,-17,20:15,16:37,2:51,0:46,13,6,0,2,0,14,3,0,0,0,27,9,0,2,0,25.0%,1.062,0.95,2.012,0.886,0.954,1.839,2.376,1.188,3.564,0.358,0.321,0.679,171,11.1%,101,60,605,483,55.61%
85,Brad Marchand,BOS,34,F,54,19,35,54,56,26,18:42,13:49,3:27,1:25,11,8,0,4,0,18,16,1,12,2,29,24,1,16,2,44.4%,1.128,2.078,3.206,0.884,1.446,2.33,2.569,5.138,7.707,0.352,0.648,1,142,13.4%,65,17,15,23,39.47%
86,Filip Chytil,NYR,23,F,55,19,18,37,30,12,14:38,13:12,1:23,0:02,16,3,0,2,1,16,2,0,3,1,32,5,0,5,2,13.5%,1.416,1.341,2.757,1.321,1.321,2.643,2.346,1.564,3.91,0.345,0.327,0.673,126,15.1%,35,28,185,285,39.36%
87,Adam Henrique,ANA,32,F,57,19,14,33,22,-7,18:13,13:17,2:31,2:23,16,3,0,1,0,8,6,0,0,0,24,9,0,1,0,27.3%,1.098,0.809,1.906,1.267,0.633,1.9,1.247,2.495,3.742,0.333,0.246,0.579,122,15.6%,28,44,323,308,51.19%
88,Jonathan Marchessault,VGK,32,F,58,19,23,42,13,-4,17:08,14:45,2:23,0:00,12,7,0,2,1,17,6,0,1,1,29,13,0,3,2,31.0%,1.147,1.388,2.535,0.841,1.192,2.033,3.037,2.603,5.641,0.328,0.397,0.724,190,10.0%,65,12,20,32,38.46%
89,Matt Duchene,NSH,31,F,60,19,31,50,28,4,18:17,15:18,2:57,0:00,14,5,0,3,1,23,8,0,7,2,37,13,0,10,3,26.0%,1.039,1.695,2.734,0.914,1.502,2.416,1.69,2.704,4.394,0.317,0.517,0.833,142,13.4%,22,28,105,92,53.30%
90,Nino Niederreiter,WPG,30,F,60,19,12,31,20,-9,16:11,13:48,2:22,0:00,16,3,0,1,0,9,3,0,2,1,25,6,0,3,1,19.4%,1.174,0.741,1.915,1.159,0.652,1.812,1.26,1.26,2.521,0.317,0.2,0.517,139,13.7%,125,23,3,4,42.86%
91,Max Domi,DAL,27,F,62,19,31,50,78,-9,18:13,14:56,3:16,0:00,11,8,0,4,2,21,10,0,1,0,32,18,0,5,2,36.0%,1.009,1.645,2.654,0.713,1.361,2.074,2.359,2.948,5.307,0.306,0.5,0.806,149,12.8%,17,18,449,390,53.52%
92,Matthew Beniers,SEA,20,F,62,19,28,47,2,9,16:57,14:17,2:22,0:17,15,4,0,3,1,23,5,0,8,1,38,9,0,11,2,19.1%,1.084,1.598,2.682,1.016,1.558,2.574,1.626,2.032,3.658,0.306,0.452,0.758,115,16.5%,69,41,319,427,42.76%
93,Artemi Panarin,NYR,31,F,63,19,50,69,26,-3,20:02,16:13,3:48,0:00,17,2,0,3,0,27,23,0,8,2,44,25,0,11,2,36.2%,0.903,2.376,3.279,0.998,1.586,2.584,0.5,5.755,6.256,0.302,0.794,1.095,156,12.2%,23,9,2,7,22.22%
94,Vincent Trocheck,NYR,29,F,63,19,30,49,43,-3,19:53,15:42,3:23,0:47,11,8,0,3,0,23,7,0,7,0,34,15,0,10,0,30.6%,0.91,1.436,2.346,0.667,1.394,2.06,2.248,1.967,4.214,0.302,0.476,0.778,188,10.1%,149,31,552,432,56.10%
95,Drake Batherson,OTT,24,F,63,19,32,51,26,-31,18:23,14:33,3:47,0:01,7,12,0,1,0,20,12,0,3,0,27,24,0,4,0,47.1%,0.984,1.658,2.642,0.458,1.308,1.766,3.014,3.014,6.028,0.302,0.508,0.81,188,10.1%,95,27,12,21,36.36%
96,Alex Killorn,TBL,33,F,64,19,30,49,37,13,17:08,13:23,1:54,1:50,17,1,1,4,2,23,7,0,4,0,40,8,1,8,2,16.3%,1.039,1.64,2.679,1.19,1.61,2.8,0.492,3.444,3.936,0.297,0.469,0.766,106,17.9%,43,24,1,0,100.00%
97,Erik Karlsson,SJS,32,D,65,19,63,82,26,-8,25:33,22:02,3:17,0:12,15,4,0,4,2,47,16,0,6,2,62,20,0,10,4,24.4%,0.686,2.276,2.962,0.628,1.968,2.596,1.121,4.484,5.605,0.292,0.969,1.262,165,11.5%,30,69,0,1,0.00%
98,Artturi Lehkonen,COL,27,F,59,18,27,45,24,9,20:51,15:39,3:38,1:33,10,7,1,3,1,16,11,0,5,0,26,18,1,8,1,40.0%,0.878,1.316,2.194,0.649,1.039,1.688,1.956,3.073,5.029,0.305,0.458,0.763,137,13.1%,85,41,3,19,13.64%
99,Owen Tippett,PHI,23,F,59,18,16,34,14,-15,16:38,14:08,2:19,0:10,12,6,0,1,0,14,2,0,5,1,26,8,0,6,1,23.5%,1.1,0.978,2.079,0.863,1.007,1.871,2.621,0.874,3.495,0.305,0.271,0.576,165,10.9%,100,53,17,10,62.96%
100,Viktor Arvidsson,LAK,29,F,60,18,26,44,16,-7,17:02,14:48,2:10,0:03,10,7,1,2,0,17,9,0,4,1,27,16,1,6,1,36.4%,1.056,1.526,2.582,0.675,1.148,1.823,3.211,4.128,7.339,0.3,0.433,0.733,163,11.0%,18,37,22,31,41.51%
101,Josh Anderson,MTL,28,F,62,18,8,26,68,-8,16:44,13:44,1:44,1:15,14,4,0,5,0,8,0,0,0,0,22,4,0,5,0,15.4%,1.041,0.462,1.503,0.986,0.563,1.549,2.232,0,2.232,0.29,0.129,0.419,149,12.1%,117,40,18,21,46.15%
102,Elias Lindholm,CGY,28,F,63,18,34,52,14,1,18:38,13:17,2:59,2:21,9,8,1,1,0,25,8,1,4,0,34,16,2,5,0,30.8%,0.92,1.738,2.658,0.645,1.792,2.437,2.548,2.548,5.095,0.286,0.54,0.825,134,13.4%,71,37,686,529,56.46%
103,Dougie Hamilton,NJD,29,D,63,18,43,61,40,22,22:06,18:43,3:09,0:13,10,8,0,6,2,26,17,0,10,5,36,25,0,16,7,41.0%,0.775,1.853,2.628,0.508,1.322,1.83,2.416,5.135,7.551,0.286,0.683,0.968,218,8.3%,50,71,0,0,0.00%
104,Mark Stone,VGK,30,F,43,17,21,38,10,11,19:22,15:27,2:43,1:11,12,3,2,1,0,15,6,0,7,2,27,9,2,8,2,23.7%,1.224,1.512,2.736,1.083,1.354,2.437,1.539,3.078,4.617,0.395,0.488,0.884,113,15.0%,31,23,0,3,0.00%
105,Aleksander Barkov,FLA,27,F,51,17,36,53,6,6,21:12,15:01,4:07,2:03,10,7,0,5,0,19,16,1,6,1,29,23,1,11,1,43.4%,0.943,1.997,2.94,0.783,1.488,2.271,1.999,4.569,6.567,0.333,0.706,1.039,157,10.8%,33,36,576,481,54.49%
106,Troy Terry,ANA,25,F,57,17,30,47,18,-11,19:26,16:22,2:56,0:07,13,4,0,3,1,23,7,0,3,1,36,11,0,6,2,23.4%,0.921,1.625,2.546,0.836,1.479,2.315,1.434,2.509,3.942,0.298,0.526,0.825,157,10.8%,12,19,1,0,100.00%
107,Roman Josi,NSH,32,D,61,17,39,56,32,5,25:13,20:55,3:21,0:56,9,8,0,5,1,23,16,0,7,1,32,24,0,12,2,42.9%,0.663,1.521,2.184,0.423,1.081,1.505,2.338,4.676,7.014,0.279,0.639,0.918,250,6.8%,48,135,0,0,0.00%
108,Tomas Hertl,SJS,29,F,62,17,33,50,30,-16,19:20,16:08,2:57,0:13,12,5,0,1,0,23,10,0,4,2,35,15,0,5,2,30.0%,0.851,1.651,2.502,0.719,1.378,2.098,1.633,3.266,4.899,0.274,0.532,0.806,139,12.2%,71,46,613,519,54.15%
109,Dominik Kubalik,DET,27,F,62,17,21,38,18,-10,15:01,12:12,2:46,0:02,10,7,0,2,1,12,9,0,4,0,22,16,0,6,1,42.1%,1.095,1.353,2.448,0.793,0.951,1.744,2.447,3.146,5.593,0.274,0.339,0.613,137,12.4%,72,22,15,16,48.39%
110,Nick Paul,TBL,27,F,62,17,14,31,29,15,16:06,13:14,1:14,1:37,12,4,1,4,0,14,0,0,2,1,26,4,1,6,1,12.9%,1.021,0.841,1.861,0.877,1.023,1.9,3.098,0,3.098,0.274,0.226,0.5,96,17.7%,90,42,407,354,53.48%
111,Brayden Schenn,STL,31,F,63,17,28,45,27,-34,18:28,15:12,2:43,0:33,11,6,0,2,1,21,7,0,5,0,32,13,0,7,1,28.9%,0.876,1.443,2.32,0.689,1.316,2.005,2.103,2.454,4.557,0.27,0.444,0.714,108,15.7%,119,30,325,348,48.29%
112,Kevin Hayes,PHI,30,F,63,17,32,49,19,-16,17:55,14:51,2:53,0:10,11,6,0,1,0,23,9,0,3,0,34,15,0,4,0,30.6%,0.903,1.7,2.603,0.705,1.474,2.179,1.973,2.96,4.933,0.27,0.508,0.778,171,9.9%,42,17,245,253,49.20%
113,Tyler Seguin,DAL,30,F,64,17,25,42,22,3,16:55,13:44,2:06,1:03,11,5,1,3,1,22,2,1,5,0,33,7,2,8,1,16.7%,0.942,1.385,2.327,0.75,1.5,2.25,2.215,0.886,3.101,0.266,0.391,0.656,158,10.8%,72,21,430,356,54.71%
114,Matthew Boldy,MIN,21,F,64,17,25,42,37,-7,18:09,14:11,3:48,0:09,10,7,0,3,0,10,15,0,6,1,20,22,0,9,1,52.4%,0.877,1.29,2.168,0.66,0.66,1.321,1.721,3.689,5.41,0.266,0.391,0.656,201,8.5%,56,20,56,44,56.00%
115,Dillon Dube,CGY,24,F,65,17,21,38,43,-2,15:20,12:33,1:29,1:17,14,1,2,3,1,18,3,0,4,0,32,4,2,7,1,10.5%,1.023,1.263,2.286,1.029,1.323,2.352,0.618,1.853,2.47,0.262,0.323,0.585,114,14.9%,108,18,38,45,45.78%
116,Kirill Marchenko,CBJ,22,F,41,16,2,18,10,-11,14:55,12:43,2:12,0:00,10,6,0,0,0,1,1,0,0,0,11,7,0,0,0,38.9%,1.569,0.196,1.765,1.15,0.115,1.265,3.985,0.664,4.649,0.39,0.049,0.439,77,20.8%,27,28,4,2,66.67%
117,T.J. Oshie,WSH,36,F,47,16,12,28,38,-11,16:56,13:34,3:17,0:03,8,8,0,1,0,10,2,0,5,2,18,10,0,6,2,35.7%,1.206,0.905,2.111,0.752,0.94,1.692,3.101,0.775,3.877,0.34,0.255,0.596,107,15.0%,100,29,60,75,44.44%
118,Daniel Sprong,SEA,25,F,50,16,17,33,10,8,11:16,9:19,1:56,0:00,11,5,0,3,0,12,5,0,3,0,23,10,0,6,0,30.3%,1.703,1.81,3.513,1.415,1.544,2.96,3.09,3.09,6.179,0.32,0.34,0.66,108,14.8%,23,13,1,2,33.33%
119,Brandon Saad,STL,30,F,52,16,8,24,6,-15,16:50,13:50,1:52,1:08,13,1,2,1,0,7,0,1,0,0,20,1,3,1,0,4.2%,1.096,0.548,1.644,1.084,0.584,1.668,0.614,0,0.614,0.308,0.154,0.462,94,17.0%,22,25,3,4,42.86%
120,Patrick Kane,NYR,34,F,56,16,29,45,10,-27,19:58,16:18,3:38,0:00,14,2,0,0,0,13,16,0,1,0,27,18,0,1,0,40.0%,0.858,1.556,2.414,0.919,0.854,1.773,0.587,4.697,5.285,0.286,0.518,0.804,188,8.5%,10,10,1,0,100.00%
121,William Carrier,VGK,28,F,56,16,9,25,30,15,12:35,11:56,0:28,0:10,16,0,0,7,0,9,0,0,2,0,25,0,0,9,0,0.0%,1.362,0.766,2.128,1.436,0.808,2.244,0,0,0,0.286,0.161,0.446,118,13.6%,133,22,1,7,12.50%
122,Taylor Hall,BOS,31,F,58,16,20,36,24,12,15:59,13:42,2:16,0:00,12,4,0,5,1,16,4,0,3,0,28,8,0,8,1,22.2%,1.035,1.294,2.329,0.906,1.208,2.114,1.814,1.814,3.627,0.276,0.345,0.621,143,11.2%,34,32,4,5,44.44%
123,Jordan Staal,CAR,34,F,61,16,13,29,20,9,16:16,13:38,0:08,2:29,15,0,1,3,0,12,0,1,2,0,27,0,2,5,0,0.0%,0.967,0.786,1.753,1.081,0.865,1.946,0,0,0,0.262,0.213,0.475,90,17.8%,124,31,614,511,54.58%
124,Pavel Zacha,BOS,25,F,62,16,27,43,10,21,15:55,13:00,1:35,1:20,14,2,0,2,0,24,2,1,10,1,38,4,1,12,1,9.3%,0.972,1.64,2.612,1.042,1.785,2.827,1.221,1.221,2.443,0.258,0.435,0.694,99,16.2%,56,15,65,94,40.88%
125,David Perron,DET,34,F,63,16,23,39,44,-3,16:37,13:06,3:30,0:00,12,4,0,2,0,11,12,0,5,1,23,16,0,7,1,41.0%,0.917,1.318,2.235,0.872,0.8,1.672,1.084,3.252,4.336,0.254,0.365,0.619,154,10.4%,84,17,2,7,22.22%
126,Shane Pinto,OTT,22,F,63,16,11,27,10,-16,15:43,13:20,2:04,0:18,12,4,0,2,0,8,3,0,0,0,20,7,0,2,0,25.9%,0.969,0.666,1.635,0.856,0.571,1.427,1.836,1.377,3.213,0.254,0.175,0.429,117,13.7%,52,28,327,304,51.82%
127,Phillip Danault,LAK,29,F,65,16,28,44,51,-10,18:21,14:26,2:05,1:49,13,3,0,1,1,13,13,2,6,1,26,16,2,7,2,36.4%,0.805,1.408,2.213,0.831,0.831,1.663,1.324,5.735,7.059,0.246,0.431,0.677,125,12.8%,62,62,558,479,53.81%
128,Zach Parise,NYI,38,F,66,16,10,26,16,4,16:20,12:58,1:25,1:56,12,3,1,2,1,8,1,1,2,0,20,4,2,4,1,15.4%,0.89,0.556,1.446,0.841,0.561,1.402,1.907,0.636,2.542,0.242,0.152,0.394,151,10.6%,77,76,11,16,40.74%
129,Ryan O'Reilly,TOR,31,F,48,15,9,24,12,-23,17:57,14:33,1:47,1:36,13,1,1,3,1,8,1,0,0,0,21,2,1,3,1,8.3%,1.044,0.627,1.671,1.116,0.687,1.802,0.7,0.7,1.401,0.313,0.188,0.5,98,15.3%,16,23,464,364,56.04%
130,Blake Wheeler,WPG,36,F,55,15,31,46,34,-3,17:18,14:02,2:43,0:32,8,7,0,6,1,25,6,0,4,1,33,13,0,10,2,28.3%,0.946,1.954,2.9,0.621,1.942,2.563,2.807,2.406,5.213,0.273,0.564,0.836,95,15.8%,40,26,24,26,48.00%
131,Jaden Schwartz,SEA,30,F,55,15,18,33,18,-10,17:32,14:55,2:20,0:16,10,5,0,2,0,17,1,0,1,0,27,6,0,3,0,18.2%,0.932,1.119,2.051,0.731,1.242,1.973,2.327,0.465,2.793,0.273,0.327,0.6,125,12.0%,43,17,61,69,46.92%
132,Lucas Raymond,DET,20,F,55,15,18,33,22,-15,17:11,14:10,2:58,0:02,10,5,0,3,0,9,9,0,0,0,19,14,0,3,0,42.4%,0.952,1.142,2.095,0.77,0.693,1.463,1.832,3.297,5.128,0.273,0.327,0.6,98,15.3%,31,18,5,11,31.25%
133,Sam Bennett,FLA,26,F,58,15,21,36,52,1,17:30,14:03,2:08,1:18,11,4,0,3,0,16,5,0,2,0,27,9,0,5,0,25.0%,0.886,1.24,2.126,0.81,1.178,1.987,1.925,2.406,4.332,0.259,0.362,0.621,177,8.5%,139,34,388,443,46.69%
134,Scott Laughton,PHI,28,F,60,15,21,36,26,-10,19:02,14:36,2:07,2:18,7,5,3,0,0,13,4,4,4,0,20,9,7,4,0,25.0%,0.787,1.102,1.89,0.479,0.89,1.369,2.345,1.876,4.22,0.25,0.35,0.6,137,11.0%,130,51,422,484,46.58%
135,Robert Thomas,STL,23,F,60,15,38,53,20,-5,19:18,15:07,3:11,0:59,11,3,1,2,1,25,13,0,7,1,36,16,1,9,2,30.2%,0.777,1.967,2.744,0.727,1.652,2.379,0.941,4.078,5.019,0.25,0.633,0.883,88,17.1%,14,25,522,439,54.32%
136,Johnny Gaudreau,CBJ,29,F,62,15,40,55,22,-25,19:27,16:20,3:05,0:00,13,2,0,2,1,25,15,0,3,1,38,17,0,5,2,30.9%,0.746,1.99,2.736,0.77,1.48,2.25,0.625,4.69,5.315,0.242,0.645,0.887,158,9.5%,4,16,0,0,0.00%
137,Bryan Rust,PIT,30,F,62,15,22,37,21,-6,17:33,13:55,2:15,1:22,13,2,0,1,1,14,7,1,3,0,27,9,1,4,1,24.3%,0.827,1.213,2.04,0.904,0.973,1.877,0.858,3.003,3.86,0.242,0.355,0.597,162,9.3%,71,33,5,5,50.00%
138,Anthony Beauvillier,VAN,25,F,63,15,17,32,10,-5,16:27,14:15,1:52,0:20,12,3,0,4,1,17,0,0,3,3,29,3,0,7,4,9.4%,0.868,0.983,1.851,0.801,1.135,1.937,1.529,0,1.529,0.238,0.27,0.508,146,10.3%,55,24,1,4,20.00%
139,Ross Colton,TBL,26,F,63,15,12,27,27,-2,12:18,10:56,1:22,0:00,11,4,0,3,0,7,5,0,4,0,18,9,0,7,0,33.3%,1.16,0.928,2.088,0.958,0.61,1.567,2.772,3.466,6.238,0.238,0.19,0.429,120,12.5%,152,20,94,69,57.67%
140,Joe Pavelski,DAL,38,F,64,15,41,56,8,32,17:46,14:36,3:01,0:08,8,7,0,0,0,29,11,1,7,0,37,18,1,7,0,32.1%,0.791,2.162,2.953,0.514,1.862,2.375,2.165,3.402,5.567,0.234,0.641,0.875,147,10.2%,72,54,276,249,52.57%
141,Josh Morrissey,WPG,27,D,64,15,52,67,31,1,24:03,20:03,3:38,0:22,13,2,0,6,2,28,24,0,9,2,41,26,0,15,4,38.8%,0.585,2.026,2.611,0.608,1.309,1.917,0.515,6.182,6.698,0.234,0.813,1.047,135,11.1%,77,100,0,0,0.00%
142,Frank Vatrano,ANA,28,F,64,15,16,31,48,-26,16:48,14:00,1:36,1:11,12,3,0,1,1,13,3,0,4,1,25,6,0,5,2,19.4%,0.837,0.893,1.73,0.804,0.871,1.674,1.754,1.754,3.508,0.234,0.25,0.484,182,8.2%,75,57,6,10,37.50%
143,Wyatt Johnston,DAL,19,F,64,15,14,29,16,6,15:08,13:19,1:38,0:11,13,2,0,2,0,10,4,0,4,1,23,6,0,6,1,20.7%,0.928,0.866,1.795,0.915,0.704,1.618,1.148,2.296,3.443,0.234,0.219,0.453,122,12.3%,17,24,101,133,43.16%
144,Eetu Luostarinen,FLA,24,F,65,15,19,34,24,19,15:49,12:35,0:53,2:21,14,1,0,1,0,16,2,1,6,1,30,3,1,7,1,8.8%,0.875,1.108,1.983,1.027,1.174,2.201,1.033,2.067,3.1,0.231,0.292,0.523,105,14.3%,51,43,147,209,41.29%
145,Jonathan Toews,CHI,34,F,46,14,14,28,37,-24,17:55,13:39,3:04,1:11,6,8,0,1,1,11,3,0,1,0,17,11,0,2,1,39.3%,1.019,1.019,2.038,0.573,1.05,1.623,3.4,1.275,4.675,0.304,0.304,0.609,79,17.7%,6,22,524,304,63.29%
146,Cale Makar,COL,24,D,49,14,36,50,28,11,26:42,19:47,4:06,2:48,9,5,0,4,1,20,16,0,4,1,29,21,0,8,2,42.0%,0.642,1.651,2.293,0.557,1.238,1.795,1.49,4.768,6.258,0.286,0.735,1.02,150,9.3%,60,67,0,0,0.00%
147,Vladimir Tarasenko,NYR,31,F,50,14,24,38,8,-17,17:13,14:31,2:40,0:01,11,2,1,1,1,15,9,0,4,2,26,11,1,5,3,28.9%,0.976,1.672,2.648,0.909,1.24,2.149,0.895,4.028,4.924,0.28,0.48,0.76,124,11.3%,57,22,0,2,0.00%
148,Calle Järnkrok,TOR,31,F,57,14,15,29,12,5,13:48,11:05,1:07,1:34,12,1,1,2,0,12,1,2,2,0,24,2,3,4,0,6.9%,1.068,1.144,2.212,1.138,1.138,2.276,0.938,0.938,1.877,0.246,0.263,0.509,84,16.7%,41,16,37,45,45.12%
149,Mathew Barzal,NYI,25,F,58,14,37,51,22,5,18:42,15:13,3:28,0:00,10,4,0,5,1,22,15,0,5,1,32,19,0,10,2,37.3%,0.774,2.045,2.819,0.679,1.495,2.174,1.191,4.465,5.656,0.241,0.638,0.879,139,10.1%,25,34,104,188,35.62%
150,Rasmus Dahlin,BUF,22,D,59,14,49,63,78,22,25:46,20:39,3:41,1:26,9,5,0,2,0,26,23,0,7,3,35,28,0,9,3,44.4%,0.552,1.933,2.485,0.443,1.28,1.724,1.376,6.331,7.707,0.237,0.831,1.068,164,8.5%,84,102,0,0,0.00%
151,Nick Bjugstad,EDM,30,F,61,14,10,24,26,7,16:53,14:07,0:38,2:07,12,1,1,0,0,10,0,0,1,0,22,1,1,1,0,4.2%,0.815,0.582,1.398,0.836,0.697,1.532,1.55,0,1.55,0.23,0.164,0.393,114,12.3%,123,32,431,471,47.78%
152,Andreas Athanasiou,CHI,28,F,62,14,11,25,30,-19,15:45,13:57,1:44,0:04,12,2,0,3,1,10,1,0,2,2,22,3,0,5,3,12.0%,0.86,0.675,1.535,0.832,0.693,1.526,1.113,0.557,1.67,0.226,0.177,0.403,123,11.4%,37,36,16,26,38.10%
153,Tomas Tatar,NJD,32,F,63,14,23,37,26,36,15:19,13:30,1:49,0:00,13,1,0,0,0,21,2,0,3,0,34,3,0,3,0,8.1%,0.87,1.429,2.298,0.917,1.481,2.397,0.523,1.046,1.569,0.222,0.365,0.587,115,12.2%,53,24,11,22,33.33%
154,Taylor Raddysh,CHI,24,F,63,14,12,26,10,-22,16:27,13:15,3:12,0:00,9,5,0,1,0,6,6,0,0,0,15,11,0,1,0,42.3%,0.81,0.694,1.504,0.646,0.431,1.077,1.486,1.783,3.269,0.222,0.19,0.413,96,14.6%,63,32,10,9,52.63%
155,Mason McTavish,ANA,19,F,63,14,23,37,38,-14,15:21,12:40,2:38,0:02,8,6,0,1,0,16,7,0,3,1,24,13,0,4,1,35.1%,0.868,1.426,2.293,0.601,1.202,1.803,2.166,2.527,4.693,0.222,0.365,0.587,132,10.6%,48,32,232,320,42.03%
156,Jordan Eberle,SEA,32,F,64,14,37,51,30,5,16:37,14:01,2:35,0:00,12,2,0,2,1,27,10,0,9,2,39,12,0,11,3,23.5%,0.789,2.086,2.875,0.802,1.805,2.608,0.723,3.614,4.336,0.219,0.578,0.797,137,10.2%,31,17,29,31,48.33%
157,Dylan Strome,WSH,25,F,64,14,30,44,24,-5,16:33,13:23,3:10,0:00,11,3,0,2,0,19,11,0,5,1,30,14,0,7,1,31.8%,0.792,1.698,2.49,0.77,1.331,2.101,0.888,3.256,4.144,0.219,0.469,0.688,117,12.0%,17,33,406,421,49.09%
158,Mikael Backlund,CGY,33,F,65,14,27,41,34,19,17:50,13:50,1:50,2:09,10,3,1,2,1,23,2,2,3,0,33,5,3,5,1,12.2%,0.724,1.396,2.12,0.667,1.533,2.2,1.505,1.003,2.508,0.215,0.415,0.631,213,6.6%,75,25,561,521,51.85%
159,Blake Coleman,CGY,31,F,65,14,16,30,44,12,15:05,13:31,0:06,1:26,12,0,2,1,0,16,0,0,2,0,28,0,2,3,0,0.0%,0.856,0.979,1.835,0.819,1.091,1.91,0,0,0,0.215,0.246,0.462,155,9.0%,80,30,14,18,43.75%
160,Eeli Tolvanen,SEA,23,F,43,13,12,25,14,1,14:13,12:02,2:00,0:10,10,3,0,3,0,10,2,0,4,0,20,5,0,7,0,20.0%,1.275,1.177,2.452,1.159,1.159,2.318,2.08,1.386,3.466,0.302,0.279,0.581,85,15.3%,63,36,1,3,25.00%
161,Ilya Mikheyev,VAN,28,F,46,13,15,28,2,3,16:54,14:01,1:29,1:24,12,1,0,2,0,13,2,0,1,0,25,3,0,3,0,10.7%,1.003,1.157,2.159,1.116,1.209,2.325,0.878,1.757,2.635,0.283,0.326,0.609,91,14.3%,13,14,2,8,20.00%
162,Andre Burakovsky,SEA,27,F,49,13,26,39,14,-9,16:33,13:58,2:35,0:00,9,4,0,3,2,16,10,0,3,1,25,14,0,6,3,35.9%,0.962,1.923,2.885,0.789,1.403,2.192,1.895,4.739,6.634,0.265,0.531,0.796,105,12.4%,17,15,0,6,0.00%
163,David Krejcí,BOS,36,F,57,13,37,50,14,20,17:13,14:32,2:34,0:06,10,3,0,1,0,29,8,0,9,1,39,11,0,10,1,22.0%,0.794,2.261,3.055,0.724,2.1,2.824,1.227,3.273,4.501,0.228,0.649,0.877,87,14.9%,34,33,297,320,48.14%
164,Nico Sturm,SJS,27,F,57,13,8,21,21,-9,14:39,11:59,0:52,1:48,12,0,1,1,0,8,0,0,1,0,20,0,1,2,0,0.0%,0.934,0.575,1.508,1.054,0.703,1.756,0,0,0,0.228,0.14,0.368,93,14.0%,81,36,345,264,56.65%
165,Trent Frederic,BOS,24,F,59,13,10,23,43,22,11:36,11:02,0:03,0:31,13,0,0,5,0,9,0,1,1,0,22,0,1,6,0,0.0%,1.139,0.876,2.014,1.198,0.829,2.027,0,0,0,0.22,0.169,0.39,88,14.8%,74,30,16,34,32.00%
166,Alexander Barabanov,SJS,28,F,60,13,27,40,18,-24,17:50,15:04,2:45,0:00,11,2,0,2,0,18,9,0,5,0,29,11,0,7,0,27.5%,0.729,1.514,2.243,0.73,1.194,1.924,0.727,3.271,3.998,0.217,0.45,0.667,107,12.2%,34,34,1,0,100.00%
167,Kent Johnson,CBJ,20,F,61,13,18,31,10,-5,13:59,12:24,1:35,0:00,10,3,0,3,1,13,5,0,2,0,23,8,0,5,1,25.8%,0.914,1.265,2.179,0.793,1.031,1.824,1.857,3.095,4.952,0.213,0.295,0.508,88,14.8%,13,26,34,95,26.36%
168,J.T. Compher,COL,27,F,62,13,29,42,27,6,20:19,15:47,2:19,2:12,9,4,0,3,0,23,6,0,4,2,32,10,0,7,2,23.8%,0.619,1.381,2,0.552,1.41,1.961,1.668,2.501,4.169,0.21,0.468,0.677,121,10.7%,31,72,632,653,49.18%
169,Alexis Lafrenière,NYR,21,F,62,13,18,31,27,5,15:12,13:49,1:21,0:02,11,2,0,2,1,17,1,0,2,0,28,3,0,4,1,9.7%,0.827,1.145,1.973,0.77,1.191,1.961,1.431,0.715,2.146,0.21,0.29,0.5,112,11.6%,122,20,24,35,40.68%
170,Seth Jarvis,CAR,20,F,62,13,19,32,12,17,15:55,13:46,2:05,0:03,12,0,1,0,0,15,4,0,5,2,27,4,1,5,2,12.5%,0.79,1.155,1.945,0.843,1.054,1.897,0,1.845,1.845,0.21,0.306,0.516,141,9.2%,59,37,9,16,36.00%
171,Alex Newhook,COL,21,F,62,13,12,25,16,4,14:35,13:01,1:31,0:02,12,1,0,3,0,11,1,0,0,0,23,2,0,3,0,8.0%,0.862,0.796,1.658,0.892,0.818,1.709,0.637,0.637,1.273,0.21,0.194,0.403,93,14.0%,50,23,160,245,39.51%
172,Marcus Johansson,MIN,32,F,63,13,16,29,8,-2,16:04,12:34,2:49,0:40,8,4,1,5,1,7,9,0,3,2,15,13,1,8,3,44.8%,0.77,0.948,1.718,0.606,0.53,1.136,1.347,3.03,4.376,0.206,0.254,0.46,104,12.5%,25,16,19,26,42.22%
173,Oliver Bjorkstrand,SEA,27,F,64,13,20,33,12,3,15:28,13:18,2:09,0:00,11,2,0,1,1,16,4,0,0,0,27,6,0,1,1,18.2%,0.788,1.212,1.999,0.775,1.127,1.902,0.866,1.731,2.597,0.203,0.313,0.516,161,8.1%,45,33,15,36,29.41%
174,Brandon Tanev,SEA,31,F,64,13,16,29,37,20,14:27,11:55,0:04,2:28,13,0,0,3,0,16,0,0,3,0,29,0,0,6,0,0.0%,0.843,1.037,1.88,1.022,1.258,2.28,0,0,0,0.203,0.25,0.453,99,13.1%,147,56,3,18,14.29%
175,Andrew Mangiapane,CGY,26,F,65,13,19,32,30,4,16:47,13:36,2:02,1:08,13,0,0,1,0,15,2,2,3,1,28,2,2,4,1,6.3%,0.715,1.044,1.759,0.882,1.018,1.9,0,0.905,0.905,0.2,0.292,0.492,144,9.0%,79,20,5,8,38.46%
176,Valeri Nichushkin,COL,27,F,33,12,20,32,2,14,20:16,15:07,3:25,1:44,4,7,1,2,0,16,3,1,3,1,20,10,2,5,1,31.3%,1.076,1.793,2.869,0.481,1.924,2.405,3.72,1.594,5.314,0.364,0.606,0.97,96,12.5%,33,21,0,4,0.00%
177,Jonatan Berggren,DET,22,F,48,12,10,22,16,-5,13:34,11:46,1:48,0:00,8,4,0,0,0,6,4,0,2,0,14,8,0,2,0,36.4%,1.105,0.921,2.026,0.85,0.637,1.487,2.776,2.776,5.551,0.25,0.208,0.458,63,19.1%,14,21,3,3,50.00%
178,Evan Rodrigues,COL,29,F,51,12,17,29,22,-1,18:14,15:19,2:12,0:42,6,6,0,1,0,14,3,0,5,1,20,9,0,6,1,31.0%,0.774,1.096,1.87,0.461,1.075,1.536,3.187,1.593,4.78,0.235,0.333,0.569,153,7.8%,28,16,109,115,48.66%
179,Kirby Dach,MTL,21,F,54,12,23,35,43,-4,18:18,14:37,3:23,0:17,7,5,0,2,1,12,9,2,5,2,19,14,2,7,3,40.0%,0.728,1.396,2.125,0.532,0.911,1.443,1.642,2.955,4.596,0.222,0.426,0.648,99,12.1%,46,36,85,128,39.91%
180,Eric Staal,FLA,38,F,55,12,10,22,18,-5,13:47,11:03,0:13,2:31,10,0,2,1,0,10,0,0,0,0,20,0,2,1,0,0.0%,0.949,0.791,1.74,0.986,0.986,1.973,0,0,0,0.218,0.182,0.4,86,14.0%,23,35,278,320,46.49%
181,Ryan Johansen,NSH,30,F,55,12,16,28,32,-13,15:45,12:33,3:09,0:02,7,5,0,1,1,11,5,0,4,1,18,10,0,5,2,35.7%,0.83,1.107,1.938,0.608,0.956,1.564,1.727,1.727,3.454,0.218,0.291,0.509,86,14.0%,49,19,502,346,59.20%
182,Shayne Gostisbehere,CAR,29,D,55,12,23,35,28,-7,22:13,18:28,2:59,0:46,5,5,2,1,0,14,9,0,1,0,19,14,2,2,0,40.0%,0.589,1.129,1.718,0.295,0.827,1.122,1.826,3.287,5.113,0.218,0.418,0.636,123,9.8%,36,72,0,0,0.00%
183,Brock Boeser,VAN,25,F,55,12,29,41,20,-22,16:54,14:17,2:36,0:00,8,4,0,2,0,22,7,0,4,0,30,11,0,6,0,26.8%,0.774,1.871,2.645,0.611,1.68,2.291,1.671,2.924,4.596,0.218,0.527,0.745,120,10.0%,35,26,14,27,34.15%
184,Ryan Donato,SEA,26,F,56,12,10,22,29,16,11:34,10:52,0:38,0:04,12,0,0,0,0,9,1,0,4,0,21,1,0,4,0,4.5%,1.111,0.925,2.036,1.182,0.887,2.069,0,1.691,1.691,0.214,0.179,0.393,93,12.9%,55,10,43,51,45.74%
185,Jack Quinn,BUF,21,F,56,12,17,29,13,6,13:30,11:34,1:33,0:22,11,1,0,2,0,12,5,0,0,0,23,6,0,2,0,20.7%,0.952,1.349,2.301,1.019,1.111,2.13,0.688,3.438,4.125,0.214,0.304,0.518,88,13.6%,33,9,9,18,33.33%
186,Pierre Engvall,NYI,26,F,60,12,9,21,25,-1,13:11,11:47,0:52,0:32,11,1,0,3,0,8,1,0,1,0,19,2,0,4,0,9.5%,0.91,0.682,1.592,0.933,0.679,1.612,1.148,1.148,2.297,0.2,0.15,0.35,103,11.7%,39,6,30,28,51.72%
187,Brady Skjei,CAR,28,D,61,12,15,27,32,16,21:52,18:33,0:53,2:24,8,3,1,2,0,12,3,0,5,0,20,6,1,7,0,22.2%,0.54,0.674,1.214,0.424,0.636,1.06,3.281,3.281,6.561,0.197,0.246,0.443,137,8.8%,60,47,0,0,0.00%
188,Yegor Sharangovich,NJD,24,F,61,12,15,27,14,-6,14:22,12:15,0:06,2:00,10,0,2,2,1,13,0,2,3,0,23,0,4,5,1,0.0%,0.821,1.026,1.847,0.802,1.043,1.845,0,0,0,0.197,0.246,0.443,105,11.4%,19,36,21,40,34.43%
189,Brent Burns,CAR,37,D,62,12,38,50,40,17,23:13,17:50,3:06,2:17,10,2,0,2,1,20,18,0,8,2,30,20,0,10,3,40.0%,0.5,1.583,2.083,0.542,1.085,1.627,0.623,5.603,6.225,0.194,0.613,0.806,187,6.4%,31,69,1,0,100.00%
190,Jonathan Huberdeau,CGY,29,F,62,12,30,42,30,-6,16:52,13:38,3:03,0:10,9,3,0,1,0,20,10,0,6,2,29,13,0,7,2,31.0%,0.688,1.72,2.408,0.638,1.419,2.057,0.947,3.157,4.105,0.194,0.484,0.677,101,11.9%,53,21,5,10,33.33%
191,Charlie Coyle,BOS,30,F,62,12,23,35,24,22,16:50,13:32,0:45,2:32,11,0,1,0,0,19,0,4,1,0,30,0,5,1,0,0.0%,0.69,1.322,2.012,0.786,1.357,2.143,0,0,0,0.194,0.371,0.565,105,11.4%,53,48,403,358,52.96%
192,Conor Garland,VAN,26,F,62,12,22,34,27,-4,15:24,13:49,1:32,0:01,11,1,0,1,0,14,8,0,1,0,25,9,0,2,0,26.5%,0.754,1.382,2.135,0.77,0.979,1.749,0.625,4.997,5.621,0.194,0.355,0.548,128,9.4%,35,15,3,7,30.00%
193,Jesperi Kotkaniemi,CAR,22,F,62,12,18,30,40,8,14:28,12:23,1:54,0:10,8,3,1,2,0,11,7,0,4,0,19,10,1,6,0,33.3%,0.802,1.204,2.006,0.625,0.86,1.485,1.52,3.548,5.068,0.194,0.29,0.484,90,13.3%,81,13,272,247,52.41%
194,Noah Dobson,NYI,22,D,62,12,25,37,14,-2,20:43,16:47,3:25,0:30,7,5,0,2,1,13,12,0,3,1,20,17,0,5,2,45.9%,0.56,1.167,1.728,0.403,0.749,1.152,1.412,3.39,4.802,0.194,0.403,0.597,171,7.0%,54,91,0,0,0.00%
195,Morgan Frost,PHI,23,F,63,12,18,30,20,-15,15:56,13:29,2:17,0:09,11,1,0,3,0,14,4,0,2,0,25,5,0,5,0,16.7%,0.717,1.076,1.793,0.777,0.989,1.765,0.416,1.663,2.079,0.19,0.286,0.476,118,10.2%,72,38,315,388,44.81%
196,Kaapo Kakko,NYR,21,F,63,12,20,32,8,7,15:47,14:13,1:05,0:29,12,0,0,1,0,17,3,0,3,0,29,3,0,4,0,9.4%,0.723,1.206,1.929,0.804,1.139,1.942,0,2.615,2.615,0.19,0.317,0.508,98,12.2%,23,24,1,3,25.00%
197,Corey Perry,TBL,37,F,64,12,12,24,64,-21,11:49,9:54,1:54,0:00,6,6,0,3,0,6,6,0,2,1,12,12,0,5,1,50.0%,0.951,0.951,1.903,0.567,0.567,1.135,2.952,2.952,5.904,0.188,0.188,0.375,94,12.8%,38,20,0,0,0.00%
198,Alexander Wennberg,SEA,28,F,64,12,20,32,12,2,18:48,14:22,2:07,2:18,8,4,0,3,0,17,3,0,2,0,25,7,0,5,0,21.9%,0.598,0.997,1.595,0.522,1.109,1.631,1.76,1.32,3.079,0.188,0.313,0.5,83,14.5%,36,53,493,588,45.61%
199,Ivan Barbashev,VGK,27,F,64,12,22,34,36,-8,16:34,13:56,1:52,0:45,12,0,0,2,0,19,3,0,1,0,31,3,0,3,0,8.8%,0.679,1.245,1.924,0.807,1.278,2.086,0,1.498,1.498,0.188,0.344,0.531,100,12.0%,145,35,54,86,38.57%
200,Chandler Stephenson,VGK,28,F,64,12,38,50,22,9,19:32,15:30,2:30,1:31,6,5,1,4,0,29,7,2,7,1,35,12,3,11,1,24.0%,0.576,1.823,2.398,0.363,1.753,2.115,1.871,2.62,4.491,0.188,0.594,0.781,93,12.9%,68,42,555,388,58.85%
201,Conor Sheary,WSH,30,F,65,12,19,31,20,2,15:49,12:59,1:10,1:39,8,2,2,1,0,14,5,0,1,0,22,7,2,2,0,22.6%,0.7,1.108,1.808,0.568,0.994,1.562,1.569,3.923,5.493,0.185,0.292,0.477,128,9.4%,46,28,18,17,51.43%
202,Arthur Kaliyev,LAK,21,F,44,11,11,22,10,-6,11:37,9:24,2:13,0:00,3,8,0,0,0,8,3,0,2,0,11,11,0,2,0,50.0%,1.29,1.29,2.58,0.435,1.16,1.595,4.92,1.845,6.765,0.25,0.25,0.5,93,11.8%,34,10,0,0,0.00%
203,Paul Cotter,VGK,23,F,45,11,4,15,10,-6,13:04,12:38,0:24,0:00,11,0,0,1,0,4,0,0,0,0,15,0,0,1,0,0.0%,1.122,0.408,1.53,1.159,0.422,1.581,0,0,0,0.244,0.089,0.333,63,17.5%,143,15,11,13,45.83%
204,Warren Foegele,EDM,26,F,50,11,8,19,20,1,12:44,11:40,0:24,0:39,10,0,1,4,0,8,0,0,1,0,18,0,1,5,0,0.0%,1.036,0.753,1.789,1.028,0.823,1.851,0,0,0,0.22,0.16,0.38,93,11.8%,82,18,7,6,53.85%
205,Derick Brassard,OTT,35,F,51,11,10,21,28,2,12:34,10:24,1:52,0:18,8,3,0,3,0,5,5,0,2,0,13,8,0,5,0,38.1%,1.029,0.935,1.964,0.905,0.565,1.47,1.884,3.14,5.024,0.216,0.196,0.412,80,13.8%,77,9,138,137,50.18%
206,Nicolas Roy,VGK,25,F,54,11,14,25,20,9,16:04,13:08,1:41,1:13,9,2,0,3,0,11,2,1,1,0,20,4,1,4,0,16.0%,0.761,0.968,1.729,0.761,0.93,1.691,1.309,1.309,2.619,0.204,0.259,0.463,76,14.5%,72,36,310,334,48.14%
207,Pius Suter,DET,26,F,60,11,7,18,6,-4,13:14,11:54,0:03,1:16,9,0,2,1,0,7,0,0,0,0,16,0,2,1,0,0.0%,0.831,0.529,1.36,0.755,0.588,1.343,0,0,0,0.183,0.117,0.3,77,14.3%,34,28,190,207,47.86%
208,Matthew Nieto,COL,30,F,61,11,8,19,14,-16,14:24,11:58,0:29,1:57,11,0,0,2,0,7,1,0,0,0,18,1,0,2,0,5.3%,0.751,0.546,1.297,0.904,0.575,1.479,0,2.034,2.034,0.18,0.131,0.311,95,11.6%,34,27,7,7,50.00%
209,Colton Sissons,NSH,29,F,61,11,13,24,12,5,15:24,12:04,0:30,2:49,11,0,0,1,0,13,0,0,1,0,24,0,0,2,0,0.0%,0.702,0.83,1.532,0.897,1.06,1.956,0,0,0,0.18,0.213,0.393,60,18.3%,134,46,400,359,52.70%
210,Jordan Martinook,CAR,30,F,62,11,17,28,43,9,15:41,13:30,0:06,2:04,10,0,1,1,0,16,0,1,2,0,26,0,2,3,0,0.0%,0.679,1.049,1.727,0.717,1.147,1.863,0,0,0,0.177,0.274,0.452,125,8.8%,58,26,24,30,44.44%
211,Miles Wood,NJD,27,F,62,11,12,23,55,1,12:39,11:23,1:14,0:01,10,1,0,1,0,11,1,0,3,0,21,2,0,4,0,8.7%,0.841,0.917,1.758,0.85,0.935,1.785,0.776,0.776,1.552,0.177,0.194,0.371,148,7.4%,83,14,1,5,16.67%
212,Derek Ryan,EDM,36,F,63,11,5,16,28,6,11:08,9:45,0:09,1:13,10,0,1,0,0,5,0,0,0,0,15,0,1,0,0,0.0%,0.941,0.428,1.368,0.976,0.488,1.463,0,0,0,0.175,0.079,0.254,76,14.5%,37,36,179,179,50.00%
213,Brandon Montour,FLA,28,D,63,11,40,51,93,6,24:12,19:03,4:10,0:57,8,3,0,3,0,23,17,0,7,0,31,20,0,10,0,39.2%,0.433,1.574,2.006,0.4,1.149,1.549,0.684,3.873,4.557,0.175,0.635,0.81,185,6.0%,80,71,0,0,0.00%
214,Christian Fischer,ARI,25,F,63,11,12,23,18,-6,14:55,12:43,0:09,2:01,10,0,1,0,0,11,1,0,1,0,21,1,1,1,0,4.3%,0.702,0.766,1.468,0.748,0.823,1.571,0,5.97,5.97,0.175,0.19,0.365,103,10.7%,110,34,4,33,10.81%
215,Noel Acciari,TOR,31,F,63,11,8,19,12,-6,14:23,12:35,0:09,1:38,11,0,0,1,0,6,0,2,1,0,17,0,2,2,0,0.0%,0.728,0.529,1.257,0.832,0.454,1.286,0,0,0,0.175,0.127,0.302,86,12.8%,198,63,299,259,53.58%
216,Phil Kessel,VGK,35,F,64,11,15,26,22,-6,12:50,11:18,1:31,0:00,10,1,0,0,0,10,5,0,0,0,20,6,0,0,0,23.1%,0.803,1.094,1.897,0.829,0.829,1.657,0.616,3.082,3.698,0.172,0.234,0.406,121,9.1%,8,20,5,7,41.67%
217,Evgeny Kuznetsov,WSH,30,F,64,11,39,50,46,-12,18:10,13:59,3:04,1:07,6,5,0,2,1,26,13,0,6,1,32,18,0,8,2,36.0%,0.567,2.011,2.578,0.402,1.743,2.145,1.525,3.965,5.49,0.172,0.609,0.781,145,7.6%,38,22,388,434,47.20%
218,Ryan Strome,ANA,29,F,64,11,19,30,62,-24,17:10,14:47,2:09,0:13,10,1,0,2,2,17,2,0,4,1,27,3,0,6,3,10.0%,0.601,1.037,1.638,0.634,1.078,1.712,0.434,0.869,1.303,0.172,0.297,0.469,107,10.3%,26,19,330,432,43.31%
219,Tyson Barrie,NSH,31,D,64,11,34,45,28,-3,19:14,15:29,3:06,0:38,7,4,0,1,0,10,24,0,0,0,17,28,0,1,0,62.2%,0.536,1.657,2.193,0.424,0.605,1.029,1.208,7.245,8.453,0.172,0.531,0.703,125,8.8%,45,69,0,0,0.00%
220,William Karlsson,VGK,29,F,64,11,29,40,6,1,17:32,14:18,1:41,1:32,9,2,0,2,0,20,6,3,4,1,29,8,3,6,1,20.0%,0.588,1.55,2.138,0.59,1.311,1.901,1.106,3.317,4.423,0.172,0.453,0.625,125,8.8%,40,36,495,400,55.31%
221,Frederick Gaudreau,MIN,29,F,64,11,15,26,8,9,15:56,12:37,1:11,2:07,8,1,2,2,0,14,0,1,3,1,22,1,3,5,1,3.8%,0.647,0.882,1.528,0.594,1.039,1.633,0.783,0,0.783,0.172,0.234,0.406,110,10.0%,32,37,383,392,49.42%
222,Travis Boyd,ARI,29,F,64,11,13,24,14,-25,16:35,13:28,2:23,0:44,10,1,0,2,0,9,4,0,0,0,19,5,0,2,0,20.8%,0.621,0.734,1.356,0.696,0.626,1.322,0.392,1.57,1.962,0.172,0.203,0.375,70,15.7%,33,45,385,503,43.36%
223,Vince Dunn,SEA,26,D,64,11,38,49,43,13,23:41,20:18,2:46,0:37,11,0,0,1,0,24,14,0,9,4,35,14,0,10,4,28.6%,0.435,1.503,1.938,0.508,1.108,1.616,0,4.741,4.741,0.172,0.594,0.766,112,9.8%,98,63,0,0,0.00%
224,Kyle Palmieri,NYI,31,F,39,10,10,20,16,9,16:54,14:23,2:10,0:20,7,3,0,1,0,9,1,0,2,0,16,4,0,3,0,20.0%,0.91,0.91,1.82,0.748,0.962,1.71,2.123,0.708,2.83,0.256,0.256,0.513,84,11.9%,58,11,6,13,31.58%
225,Klim Kostin,EDM,23,F,42,10,8,18,55,12,10:32,10:27,0:04,0:00,10,0,0,2,0,8,0,0,1,0,18,0,0,3,0,0.0%,1.356,1.085,2.441,1.366,1.093,2.46,0,0,0,0.238,0.19,0.429,44,22.7%,115,11,4,5,44.44%
226,Gustav Nyquist,CBJ,33,F,48,10,12,22,16,-11,17:48,14:22,1:42,1:43,8,0,2,2,0,12,0,0,1,0,20,0,2,3,0,0.0%,0.702,0.843,1.545,0.696,1.044,1.74,0,0,0,0.208,0.25,0.458,97,10.3%,39,28,14,18,43.75%
227,Mike Hoffman,MTL,33,F,50,10,16,26,20,-3,15:19,12:33,2:44,0:01,9,1,0,3,2,10,6,0,4,2,19,7,0,7,4,26.9%,0.783,1.253,2.036,0.86,0.955,1.815,0.439,2.634,3.073,0.2,0.32,0.52,113,8.9%,19,19,15,8,65.22%
228,Mike Amadio,VGK,26,F,50,10,9,19,10,-4,12:07,11:29,0:37,0:00,9,1,0,1,0,8,1,0,3,0,17,2,0,4,0,10.5%,0.99,0.891,1.881,0.939,0.835,1.774,1.928,1.928,3.856,0.2,0.18,0.38,76,13.2%,44,14,26,27,49.06%
229,Nic Dowd,WSH,32,F,51,10,11,21,26,6,12:58,10:42,0:01,2:15,10,0,0,3,0,10,0,1,3,1,20,0,1,6,1,0.0%,0.906,0.997,1.903,1.099,1.099,2.198,0,0,0,0.196,0.216,0.412,48,20.8%,108,40,340,332,50.60%
230,Teuvo Teräväinen,CAR,28,F,52,10,23,33,14,10,16:36,12:18,2:25,1:52,3,5,2,1,0,16,6,1,4,0,19,11,3,5,0,33.3%,0.695,1.598,2.292,0.281,1.5,1.781,2.379,2.855,5.235,0.192,0.442,0.635,120,8.3%,13,13,28,14,66.67%
231,Sonny Milano,WSH,26,F,52,10,18,28,14,-2,13:09,12:14,0:55,0:00,9,1,0,3,0,14,4,0,3,1,23,5,0,6,1,17.9%,0.877,1.578,2.454,0.849,1.32,2.169,1.245,4.979,6.224,0.192,0.346,0.538,71,14.1%,35,11,0,0,0.00%
232,Ryan McLeod,EDM,23,F,52,10,10,20,12,3,14:23,11:48,0:55,1:39,8,0,2,0,0,9,0,1,1,0,17,0,3,1,0,0.0%,0.802,0.802,1.604,0.781,0.879,1.66,0,0,0,0.192,0.192,0.385,70,14.3%,34,20,273,288,48.66%
233,Seth Jones,CHI,28,D,53,10,21,31,26,-21,24:39,19:12,3:26,2:00,9,1,0,1,1,11,9,1,3,0,20,10,1,4,1,32.3%,0.459,0.964,1.423,0.531,0.649,1.179,0.328,2.956,3.285,0.189,0.396,0.585,141,7.1%,83,102,0,0,0.00%
234,Aaron Ekblad,FLA,26,D,54,10,18,28,52,-14,23:32,17:19,3:24,2:47,4,5,1,2,0,9,9,0,4,0,13,14,1,6,0,50.0%,0.472,0.85,1.321,0.256,0.577,0.834,1.627,2.928,4.555,0.185,0.333,0.519,170,5.9%,58,65,0,0,0.00%
235,Kevin Labanc,SJS,27,F,55,10,16,26,26,-11,14:28,13:06,1:21,0:00,8,2,0,0,0,15,1,0,1,0,23,3,0,1,0,11.5%,0.754,1.206,1.959,0.665,1.248,1.913,1.605,0.802,2.407,0.182,0.291,0.473,97,10.3%,47,21,3,3,50.00%
236,Sam Lafferty,TOR,27,F,55,10,12,22,30,-9,14:57,12:29,0:34,1:52,6,0,4,1,0,11,0,1,2,1,17,0,5,3,1,0.0%,0.729,0.875,1.604,0.524,0.96,1.484,0,0,0,0.182,0.218,0.4,87,11.5%,96,24,225,205,52.33%
237,Jean-Gabriel Pageau,NYI,30,F,56,10,19,29,10,-9,18:00,13:16,2:37,2:06,3,5,2,2,0,16,3,0,8,2,19,8,2,10,2,27.6%,0.595,1.131,1.726,0.242,1.292,1.534,2.037,1.222,3.259,0.179,0.339,0.518,97,10.3%,142,47,598,460,56.52%
238,Michael Rasmussen,DET,23,F,56,10,19,29,43,2,15:05,12:53,0:30,1:41,10,0,0,0,0,18,1,0,4,2,28,1,0,4,2,3.4%,0.71,1.349,2.059,0.831,1.496,2.327,0,2.104,2.104,0.179,0.339,0.518,88,11.4%,119,48,203,195,51.01%
239,Sean Kuraly,CBJ,29,F,59,10,7,17,66,-18,14:49,12:24,0:08,2:16,9,0,1,0,0,6,0,1,2,0,15,0,2,2,0,0.0%,0.686,0.48,1.166,0.738,0.492,1.229,0,0,0,0.169,0.119,0.288,86,11.6%,156,40,470,488,49.06%
240,Stefan Noesen,CAR,29,F,59,10,17,27,19,8,11:54,9:07,2:46,0:00,3,7,0,4,0,11,6,0,0,0,14,13,0,4,0,48.1%,0.854,1.452,2.307,0.334,1.225,1.56,2.57,2.203,4.773,0.169,0.288,0.458,102,9.8%,83,14,34,27,55.74%
241,Anthony DeAngelo,PHI,27,D,59,10,24,34,67,-28,22:24,17:58,3:12,1:13,7,3,0,1,1,12,12,0,0,0,19,15,0,1,1,44.1%,0.454,1.089,1.543,0.396,0.679,1.074,0.953,3.813,4.767,0.169,0.407,0.576,144,6.9%,49,69,0,0,0.00%
242,Nick Foligno,BOS,35,F,60,10,16,26,45,18,12:21,10:50,1:23,0:08,8,2,0,1,0,13,3,0,3,0,21,5,0,4,0,19.2%,0.809,1.294,2.103,0.738,1.199,1.937,1.439,2.159,3.598,0.167,0.267,0.433,71,14.1%,147,29,40,32,55.56%
243,Andrew Cogliano,COL,35,F,60,10,7,17,32,5,13:14,11:05,0:01,2:07,10,0,0,0,0,5,0,2,3,0,15,0,2,3,0,0.0%,0.756,0.529,1.285,0.901,0.451,1.352,0,0,0,0.167,0.117,0.283,74,13.5%,41,42,21,24,46.67%
244,Nick Ritchie,CGY,27,F,60,10,12,22,49,-16,13:36,11:11,2:24,0:00,6,4,0,2,0,6,6,0,1,0,12,10,0,3,0,45.5%,0.735,0.882,1.616,0.536,0.536,1.072,1.665,2.497,4.162,0.167,0.2,0.367,92,10.9%,174,25,2,8,20.00%
245,Nick Bonino,PIT,34,F,61,10,9,19,28,-6,16:00,12:10,1:34,2:16,10,0,0,0,0,8,1,0,3,0,18,1,0,3,0,5.3%,0.614,0.553,1.167,0.808,0.646,1.454,0,0.626,0.626,0.164,0.148,0.311,91,11.0%,19,76,215,227,48.64%
246,Brock McGinn,ANA,28,F,61,10,6,16,21,0,13:11,10:40,0:00,2:30,8,0,2,3,0,6,0,0,1,0,14,0,2,4,0,0.0%,0.745,0.447,1.192,0.737,0.553,1.29,0,0,0,0.164,0.098,0.262,78,12.8%,75,37,4,10,28.57%
247,Jakob Silfverberg,ANA,32,F,63,10,10,20,20,-16,15:18,10:49,1:40,2:48,6,4,0,2,0,9,1,0,1,0,15,5,0,3,0,25.0%,0.622,0.622,1.244,0.528,0.791,1.319,2.28,0.57,2.849,0.159,0.159,0.317,111,9.0%,9,44,16,29,35.56%
248,Yanni Gourde,SEA,31,F,63,10,28,38,55,15,17:06,14:33,0:29,2:04,7,2,1,2,1,28,0,0,2,0,35,2,1,4,1,5.3%,0.556,1.558,2.115,0.458,1.832,2.29,3.875,0,3.875,0.159,0.444,0.603,108,9.3%,88,36,365,374,49.39%
249,Barclay Goodrow,NYR,29,F,63,10,14,24,45,-1,14:42,12:31,0:18,1:51,9,1,0,2,0,12,1,1,3,0,21,2,1,5,0,8.3%,0.648,0.907,1.555,0.684,0.912,1.596,3.059,3.059,6.117,0.159,0.222,0.381,71,14.1%,95,43,184,219,45.66%
250,Adam Fox,NYR,24,D,63,10,47,57,26,21,24:54,18:56,3:42,2:15,9,1,0,4,1,25,19,3,6,0,34,20,3,10,1,35.1%,0.382,1.797,2.18,0.453,1.257,1.71,0.257,4.882,5.139,0.159,0.746,0.905,131,7.6%,23,85,0,0,0.00%
251,Casey Mittelstadt,BUF,24,F,63,10,30,40,10,-9,15:31,12:58,2:06,0:26,5,4,1,1,0,21,9,0,1,0,26,13,1,2,0,32.5%,0.613,1.84,2.454,0.367,1.541,1.908,1.807,4.065,5.871,0.159,0.476,0.635,100,10.0%,24,12,250,288,46.47%
252,Christian Dvorak,MTL,26,F,64,10,18,28,6,-12,16:51,12:42,1:50,2:18,9,0,1,1,0,15,3,0,2,0,24,3,1,3,0,10.7%,0.556,1.001,1.557,0.664,1.107,1.77,0,1.524,1.524,0.156,0.281,0.438,88,11.4%,13,66,477,440,52.02%
253,Mason Marchment,DAL,27,F,64,10,17,27,78,-6,15:39,13:59,1:39,0:00,8,2,0,2,0,14,3,0,5,1,22,5,0,7,1,18.5%,0.599,1.018,1.616,0.536,0.938,1.475,1.128,1.691,2.819,0.156,0.266,0.422,142,7.0%,86,33,10,15,40.00%
254,Barrett Hayton,ARI,22,F,64,10,17,27,32,-8,16:57,13:23,2:09,1:24,9,1,0,2,1,12,5,0,2,0,21,6,0,4,1,22.2%,0.553,0.94,1.493,0.63,0.841,1.471,0.434,2.171,2.605,0.156,0.266,0.422,133,7.5%,69,27,453,455,49.89%
255,Noah Cates,PHI,23,F,64,10,17,27,4,6,17:39,13:58,1:49,1:50,9,0,1,5,0,12,4,1,1,0,21,4,2,6,0,14.8%,0.531,0.903,1.434,0.604,0.805,1.408,0,2.057,2.057,0.156,0.266,0.422,79,12.7%,76,54,300,467,39.11%
256,Evander Kane,EDM,31,F,24,9,10,19,33,-1,18:59,16:15,1:50,0:53,8,0,1,0,0,7,2,1,1,0,15,2,2,1,0,10.5%,1.185,1.317,2.501,1.231,1.077,2.307,0,2.704,2.704,0.375,0.417,0.792,88,10.2%,66,10,7,12,36.84%
257,Thomas Novak,NSH,25,F,30,9,14,23,6,2,12:39,10:50,1:48,0:00,6,3,0,1,0,11,3,0,3,0,17,6,0,4,0,26.1%,1.422,2.211,3.633,1.106,2.028,3.134,3.318,3.318,6.636,0.3,0.467,0.767,53,17.0%,4,9,84,129,39.44%
258,Anthony Cirelli,TBL,25,F,41,9,12,21,27,5,16:54,14:04,0:34,2:15,8,1,0,1,0,11,1,0,3,1,19,2,0,4,1,9.5%,0.779,1.039,1.818,0.832,1.143,1.975,2.533,2.533,5.067,0.22,0.293,0.512,86,10.5%,20,36,304,288,51.35%
259,Ryan Hartman,MIN,28,F,42,9,14,23,74,2,15:41,13:48,1:03,0:49,9,0,0,4,0,12,1,1,2,0,21,1,1,6,0,4.3%,0.82,1.275,2.095,0.931,1.242,2.173,0,1.351,1.351,0.214,0.333,0.548,104,8.7%,42,33,147,203,42.00%
260,Alex Iafallo,LAK,29,F,42,9,17,26,12,8,16:21,13:07,1:23,1:51,6,3,0,2,0,16,1,0,2,0,22,4,0,4,0,15.4%,0.786,1.484,2.269,0.653,1.742,2.396,3.071,1.024,4.094,0.214,0.405,0.619,91,9.9%,21,26,5,4,55.56%
261,James van Riemsdyk,PHI,33,F,43,9,14,23,20,0,16:02,13:34,2:27,0:00,7,2,0,1,0,12,2,0,3,0,19,4,0,4,0,17.4%,0.783,1.218,2.001,0.719,1.233,1.953,1.135,1.135,2.27,0.209,0.326,0.535,84,10.7%,13,17,6,6,50.00%
262,Sheldon Dries,VAN,28,F,44,9,5,14,22,-8,11:27,9:43,1:31,0:12,5,4,0,0,0,4,1,0,1,0,9,5,0,1,0,35.7%,1.071,0.595,1.666,0.701,0.561,1.261,3.587,0.897,4.484,0.205,0.114,0.318,67,13.4%,59,28,154,158,49.36%
263,Kasperi Kapanen,STL,26,F,47,9,13,22,8,-9,12:30,10:46,1:12,0:31,5,3,1,2,0,10,3,0,0,0,15,6,1,2,0,27.3%,0.919,1.327,2.246,0.593,1.186,1.778,3.155,3.155,6.31,0.191,0.277,0.468,79,11.4%,83,16,5,12,29.41%
264,Yakov Trenin,NSH,25,F,56,9,11,20,35,3,14:30,12:21,0:06,2:02,7,0,2,2,0,10,1,0,2,0,17,1,2,4,0,5.0%,0.665,0.813,1.478,0.607,0.867,1.474,0,9.945,9.945,0.161,0.196,0.357,102,8.8%,128,22,11,16,40.74%
265,Anton Lundell,FLA,21,F,56,9,19,28,31,1,16:57,12:57,1:59,2:01,7,0,2,1,0,14,5,0,2,1,21,5,2,3,1,17.9%,0.569,1.2,1.769,0.579,1.158,1.737,0,2.695,2.695,0.161,0.339,0.5,120,7.5%,20,28,205,230,47.13%
266,Jamie Oleksiak,SEA,30,D,57,9,9,18,53,11,19:15,16:22,0:02,2:51,9,0,0,2,0,9,0,0,2,0,18,0,0,4,0,0.0%,0.492,0.492,0.984,0.579,0.579,1.158,0,0,0,0.158,0.158,0.316,57,15.8%,101,89,0,0,0.00%
267,Anthony Mantha,WSH,28,F,57,9,15,24,29,-7,14:19,13:22,0:56,0:00,8,1,0,1,0,14,1,0,1,0,22,2,0,2,0,8.3%,0.661,1.102,1.764,0.63,1.102,1.732,1.117,1.117,2.235,0.158,0.263,0.421,105,8.6%,62,21,8,7,53.33%
268,Thomas Chabot,OTT,25,D,58,9,26,35,48,-12,25:31,21:20,3:59,0:12,4,5,0,0,0,13,13,0,5,3,17,18,0,5,3,51.4%,0.365,1.054,1.419,0.194,0.63,0.824,1.298,3.375,4.673,0.155,0.448,0.603,154,5.8%,66,102,0,0,0.00%
269,Jason Dickinson,CHI,27,F,59,9,14,23,22,-17,15:22,13:03,0:21,1:57,8,1,0,1,0,11,0,3,2,0,19,1,3,3,0,4.3%,0.595,0.926,1.521,0.623,0.857,1.48,2.806,0,2.806,0.153,0.237,0.39,81,11.1%,80,63,269,286,48.47%
270,Jeff Carter,PIT,37,F,60,9,14,23,26,-10,14:27,11:50,1:31,1:05,7,2,0,1,1,8,5,1,3,0,15,7,1,4,1,30.4%,0.622,0.968,1.591,0.591,0.676,1.267,1.31,3.276,4.586,0.15,0.233,0.383,103,8.7%,71,45,436,305,58.84%
271,Mikael Granlund,PIT,30,F,60,9,27,36,12,-16,18:34,14:35,2:57,1:01,8,1,0,1,0,16,11,0,2,1,24,12,0,3,1,33.3%,0.485,1.454,1.939,0.548,1.096,1.645,0.338,3.721,4.059,0.15,0.45,0.6,83,10.8%,58,42,129,168,43.43%
272,Filip Hronek,DET,25,D,60,9,29,38,34,8,21:31,17:30,2:24,1:36,5,4,0,1,0,17,12,0,2,0,22,16,0,3,0,42.1%,0.418,1.347,1.765,0.286,0.971,1.257,1.663,4.988,6.651,0.15,0.483,0.633,122,7.4%,97,54,0,0,0.00%
273,Dakota Joshua,VAN,26,F,60,9,6,15,54,-15,11:00,10:04,0:08,0:47,8,1,0,1,0,6,0,0,0,0,14,1,0,1,0,6.7%,0.818,0.545,1.363,0.794,0.596,1.39,6.91,0,6.91,0.15,0.1,0.25,53,17.0%,159,18,22,20,52.38%
274,Miro Heiskanen,DAL,23,D,61,9,38,47,26,7,25:30,20:30,3:10,1:48,8,1,0,1,0,16,21,1,4,0,24,22,1,5,0,46.8%,0.347,1.465,1.812,0.384,0.767,1.151,0.309,6.498,6.807,0.148,0.623,0.77,170,5.3%,40,79,0,0,0.00%
275,Jimmy Vesey,NYR,29,F,62,9,12,21,13,10,13:52,12:23,0:03,1:25,8,0,1,3,0,12,0,0,1,0,20,0,1,4,0,0.0%,0.628,0.837,1.464,0.625,0.937,1.561,0,0,0,0.145,0.194,0.339,102,8.8%,81,34,3,12,20.00%
276,Philipp Kurashev,CHI,23,F,62,9,16,25,10,-27,17:35,14:45,1:57,0:52,9,0,0,2,0,12,4,0,0,0,21,4,0,2,0,16.0%,0.495,0.88,1.375,0.59,0.787,1.377,0,1.972,1.972,0.145,0.258,0.403,109,8.3%,36,27,43,54,44.33%
277,Cam Fowler,ANA,31,D,64,9,28,37,10,-16,23:48,19:04,2:36,2:06,5,4,0,1,0,19,9,0,3,1,24,13,0,4,1,35.1%,0.354,1.103,1.457,0.246,0.934,1.179,1.434,3.226,4.659,0.141,0.438,0.578,102,8.8%,14,68,0,0,0.00%
278,Jared Spurgeon,MIN,33,D,64,9,18,27,10,25,21:49,17:38,1:12,2:58,8,1,0,2,0,15,2,1,1,0,23,3,1,3,0,11.1%,0.387,0.773,1.16,0.425,0.797,1.222,0.777,1.555,2.332,0.141,0.281,0.422,125,7.2%,60,159,0,0,0.00%
279,Garnet Hathaway,BOS,31,F,64,9,9,18,52,7,12:04,10:26,0:00,1:37,9,0,0,1,0,8,0,1,2,0,17,0,1,3,0,0.0%,0.698,0.698,1.397,0.808,0.718,1.526,0,0,0,0.141,0.141,0.281,71,12.7%,208,72,3,8,27.27%
280,Joel Farabee,PHI,22,F,64,9,18,27,36,-2,16:39,13:52,1:58,0:48,9,0,0,1,0,17,1,0,2,0,26,1,0,3,0,3.7%,0.506,1.013,1.519,0.608,1.149,1.757,0,0.475,0.475,0.141,0.281,0.422,109,8.3%,62,38,14,23,37.84%
281,Jack McBain,ARI,22,F,64,9,5,14,51,-7,13:23,11:20,0:06,1:56,9,0,0,2,0,5,0,0,0,0,14,0,0,2,0,0.0%,0.63,0.35,0.98,0.744,0.414,1.158,0,0,0,0.141,0.078,0.219,67,13.4%,222,44,267,337,44.21%
282,Nikita Zadorov,CGY,27,D,65,9,5,14,60,9,18:54,16:15,0:12,2:26,9,0,0,1,0,4,1,0,0,0,13,1,0,1,0,7.1%,0.439,0.244,0.683,0.511,0.227,0.738,0,4.563,4.563,0.138,0.077,0.215,98,9.2%,145,67,0,0,0.00%
283,Ryan Lomberg,FLA,28,F,65,9,7,16,80,-2,10:39,10:12,0:04,0:22,9,0,0,1,0,7,0,0,2,0,16,0,0,3,0,0.0%,0.78,0.607,1.386,0.814,0.633,1.448,0,0,0,0.138,0.108,0.246,102,8.8%,102,16,12,12,50.00%
284,Matt Roy,LAK,27,D,65,9,13,22,16,2,18:35,16:29,0:03,2:02,8,0,1,2,0,12,0,1,1,1,20,0,2,3,1,0.0%,0.447,0.645,1.092,0.448,0.671,1.119,0,0,0,0.138,0.2,0.338,118,7.6%,93,116,0,0,0.00%
285,Blake Lizotte,LAK,25,F,65,9,20,29,47,5,12:52,11:24,0:04,1:23,9,0,0,1,0,18,0,2,1,0,27,0,2,2,0,0.0%,0.646,1.435,2.08,0.728,1.457,2.185,0,0,0,0.138,0.308,0.446,83,10.8%,76,32,320,321,49.92%
286,Rafael Harvey-Pinard,MTL,23,F,20,8,4,12,6,7,16:27,13:48,1:25,1:13,5,2,1,0,0,4,0,0,0,0,9,2,1,0,0,16.7%,1.459,0.729,2.188,1.087,0.869,1.956,4.211,0,4.211,0.4,0.2,0.6,35,22.9%,36,36,0,0,0.00%
287,John Carlson,WSH,32,D,30,8,13,21,6,-1,23:23,17:09,4:21,1:52,5,2,1,0,0,8,5,0,3,0,13,7,1,3,0,33.3%,0.684,1.112,1.796,0.583,0.933,1.516,0.918,2.295,3.213,0.267,0.433,0.7,101,7.9%,34,70,0,0,0.00%
288,Ondrej Palat,NJD,31,F,31,8,11,19,2,10,16:03,14:07,1:46,0:09,7,1,0,1,0,9,2,0,3,0,16,3,0,4,0,15.8%,0.964,1.325,2.289,0.959,1.233,2.191,1.092,2.184,3.277,0.258,0.355,0.613,53,15.1%,57,34,0,6,0.00%
289,Tyler Johnson,CHI,32,F,37,8,14,22,14,-3,16:00,13:24,2:32,0:03,5,3,0,0,0,11,3,0,3,2,16,6,0,3,2,27.3%,0.811,1.419,2.229,0.605,1.331,1.936,1.912,1.912,3.824,0.216,0.378,0.595,72,11.1%,38,19,33,33,50.00%
290,Jakob Chychrun,OTT,24,D,39,8,22,30,26,10,23:00,19:20,2:53,0:46,4,4,0,0,0,19,3,0,3,1,23,7,0,3,1,23.3%,0.535,1.471,2.007,0.318,1.511,1.83,2.133,1.6,3.732,0.205,0.564,0.769,120,6.7%,46,63,0,0,0.00%
291,Kailer Yamamoto,EDM,24,F,41,8,9,17,16,5,16:45,14:20,0:46,1:38,7,0,1,3,0,9,0,0,3,0,16,0,1,6,0,0.0%,0.699,0.786,1.485,0.714,0.918,1.632,0,0,0,0.195,0.22,0.415,68,11.8%,62,17,5,3,62.50%
292,Shea Theodore,VGK,27,D,44,8,27,35,8,19,21:51,19:28,2:21,0:01,6,2,0,2,1,22,5,0,6,2,28,7,0,8,3,20.0%,0.499,1.684,2.183,0.42,1.541,1.961,1.156,2.89,4.046,0.182,0.614,0.795,122,6.6%,14,63,0,0,0.00%
293,Kristopher Letang,PIT,35,D,45,8,21,29,26,-12,24:06,20:08,3:20,0:38,3,4,1,2,2,13,8,0,4,0,16,12,1,6,2,41.4%,0.442,1.161,1.604,0.199,0.861,1.059,1.599,3.198,4.797,0.178,0.467,0.644,100,8.0%,119,79,0,0,0.00%
294,Wade Allison,PHI,25,F,45,8,5,13,34,5,12:34,12:12,0:21,0:00,8,0,0,2,0,5,0,0,0,0,13,0,0,2,0,0.0%,0.848,0.53,1.378,0.874,0.546,1.42,0,0,0,0.178,0.111,0.289,65,12.3%,137,45,1,2,33.33%
295,Sam Gagner,WPG,33,F,48,8,6,14,13,-4,12:10,10:36,1:32,0:00,7,1,0,2,0,4,2,0,2,0,11,3,0,4,0,21.4%,0.822,0.616,1.438,0.824,0.471,1.295,0.811,1.621,2.432,0.167,0.125,0.292,78,10.3%,16,14,14,32,30.43%
296,Evgeny Svechnikov,SJS,26,F,49,8,6,14,22,-3,10:45,10:20,0:25,0:00,8,0,0,0,0,6,0,0,0,0,14,0,0,0,0,0.0%,0.91,0.683,1.593,0.948,0.711,1.658,0,0,0,0.163,0.122,0.286,58,13.8%,83,16,6,5,54.55%
297,Cody Glass,NSH,23,F,51,8,16,24,14,9,13:41,11:48,1:45,0:07,5,3,0,0,0,15,1,0,5,1,20,4,0,5,1,16.7%,0.687,1.375,2.062,0.498,1.495,1.994,2.001,0.667,2.668,0.157,0.314,0.471,81,9.9%,50,17,225,250,47.37%
298,Cole Perfetti,WPG,20,F,51,8,22,30,16,10,14:58,13:17,1:41,0:00,7,1,0,0,0,18,4,0,3,0,25,5,0,3,0,16.7%,0.629,1.729,2.358,0.62,1.594,2.214,0.699,2.795,3.494,0.157,0.431,0.588,90,8.9%,35,22,3,8,27.27%
299,John Klingberg,MIN,30,D,52,8,16,24,30,-25,20:53,18:40,2:10,0:02,7,1,0,3,1,11,5,0,2,2,18,6,0,5,3,25.0%,0.442,0.884,1.326,0.433,0.68,1.112,0.53,2.649,3.179,0.154,0.308,0.462,81,9.9%,51,66,0,0,0.00%
300,Sam Steel,MIN,24,F,54,8,15,23,14,8,15:14,13:24,0:53,0:57,8,0,0,2,0,12,3,0,4,1,20,3,0,6,1,13.0%,0.583,1.093,1.676,0.663,0.994,1.657,0,3.771,3.771,0.148,0.278,0.426,72,11.1%,36,13,283,298,48.71%
301,Alex Pietrangelo,VGK,32,D,55,8,27,35,12,1,24:04,19:17,2:29,2:17,7,1,0,3,1,17,10,0,6,1,24,11,0,9,2,31.4%,0.362,1.223,1.586,0.396,0.961,1.357,0.437,4.372,4.809,0.145,0.491,0.636,131,6.1%,56,140,1,0,100.00%
302,Peyton Krebs,BUF,21,F,55,8,11,19,44,-9,13:30,11:57,0:53,0:39,6,1,1,0,0,10,1,0,5,1,16,2,1,5,1,10.5%,0.646,0.889,1.535,0.548,0.913,1.46,1.217,1.217,2.434,0.145,0.2,0.345,52,15.4%,70,15,181,213,45.94%
303,Kyle Okposo,BUF,34,F,56,8,15,23,22,-1,14:51,12:26,1:02,1:22,6,1,1,2,0,12,3,0,3,0,18,4,1,5,0,17.4%,0.577,1.082,1.659,0.517,1.033,1.55,1.029,3.087,4.117,0.143,0.268,0.411,115,7.0%,63,16,108,131,45.19%
304,Eric Robinson,CBJ,27,F,57,8,10,18,6,-12,14:15,11:58,0:00,2:16,8,0,0,1,0,8,0,2,0,0,16,0,2,1,0,0.0%,0.59,0.738,1.329,0.703,0.703,1.407,0,0,0,0.14,0.175,0.316,85,9.4%,104,21,3,12,20.00%
305,Joshua Bailey,NYI,33,F,58,8,17,25,2,4,15:18,12:35,1:26,1:16,8,0,0,2,0,14,3,0,2,0,22,3,0,4,0,12.0%,0.541,1.149,1.69,0.657,1.15,1.808,0,2.152,2.152,0.138,0.293,0.431,70,11.4%,11,25,38,50,43.18%
306,John Peterka,BUF,20,F,59,8,13,21,22,-8,13:35,12:12,1:16,0:06,7,1,0,1,0,10,3,0,0,0,17,4,0,1,0,19.0%,0.599,0.973,1.572,0.583,0.833,1.416,0.801,2.402,3.203,0.136,0.22,0.356,93,8.6%,16,7,5,3,62.50%
307,Jesper Fast,CAR,31,F,60,8,14,22,10,9,14:47,12:54,0:20,1:32,8,0,0,1,0,11,0,3,3,0,19,0,3,4,0,0.0%,0.541,0.947,1.488,0.62,0.853,1.473,0,0,0,0.133,0.233,0.367,59,13.6%,77,31,9,12,42.86%
308,Paul Stastny,CAR,37,F,61,8,12,20,14,2,12:14,10:23,1:47,0:03,6,2,0,3,0,10,2,0,2,0,16,4,0,5,0,20.0%,0.643,0.964,1.607,0.568,0.946,1.514,1.099,1.099,2.197,0.131,0.197,0.328,70,11.4%,20,15,248,173,58.91%
309,Zemgus Girgensons,BUF,28,F,61,8,6,14,12,-2,12:42,11:14,0:03,1:25,8,0,0,0,0,6,0,0,1,0,14,0,0,1,0,0.0%,0.619,0.464,1.083,0.7,0.525,1.225,0,0,0,0.131,0.098,0.23,79,10.1%,73,34,80,88,47.62%
310,Rasmus Andersson,CGY,26,D,62,8,31,39,22,4,24:17,18:53,3:01,2:22,8,0,0,4,1,13,17,1,6,2,21,17,1,10,3,43.6%,0.319,1.235,1.554,0.41,0.666,1.075,0,5.444,5.444,0.129,0.5,0.629,132,6.1%,44,106,0,0,0.00%
311,Justin Faulk,STL,30,D,63,8,25,33,24,-16,23:34,19:20,2:28,1:45,6,2,0,2,1,20,5,0,0,0,26,7,0,2,1,21.2%,0.323,1.01,1.333,0.295,0.985,1.28,0.77,1.925,2.695,0.127,0.397,0.524,160,5.0%,101,104,0,0,0.00%
312,Radek Faksa,DAL,28,F,64,8,6,14,33,3,13:38,11:30,0:11,1:56,7,0,1,3,0,5,0,1,1,0,12,0,2,4,0,0.0%,0.55,0.413,0.963,0.57,0.407,0.978,0,0,0,0.125,0.094,0.219,69,11.6%,72,62,249,191,56.59%
313,Adam Lowry,WPG,29,F,64,8,19,27,39,1,15:35,11:51,1:24,2:19,6,0,2,0,0,15,2,2,3,2,21,2,4,3,2,7.4%,0.481,1.143,1.624,0.474,1.186,1.66,0,1.336,1.336,0.125,0.297,0.422,96,8.3%,136,37,454,467,49.29%
314,Ty Dellandrea,DAL,22,F,64,8,15,23,39,11,14:12,11:55,0:02,2:14,8,0,0,2,0,13,0,2,1,0,21,0,2,3,0,0.0%,0.528,0.99,1.518,0.629,1.023,1.652,0,0,0,0.125,0.234,0.359,68,11.8%,99,32,67,67,50.00%
315,Neal Pionk,WPG,27,D,64,8,18,26,31,-7,21:43,18:22,1:45,1:35,7,1,0,1,1,17,1,0,4,0,24,2,0,5,1,7.7%,0.345,0.777,1.122,0.357,0.867,1.224,0.531,0.531,1.062,0.125,0.281,0.406,114,7.0%,137,103,0,0,0.00%
316,Trevor Lewis,CGY,35,F,65,8,8,16,12,-5,12:20,10:21,0:09,1:49,6,1,1,1,0,8,0,0,0,0,14,1,1,1,0,6.3%,0.598,0.598,1.196,0.534,0.713,1.247,5.96,0,5.96,0.123,0.123,0.246,124,6.5%,125,26,90,125,41.86%
317,Gustav Forsling,FLA,26,D,65,8,25,33,36,16,23:34,19:14,1:23,2:56,7,1,0,2,0,20,4,1,2,0,27,5,1,4,0,15.2%,0.313,0.979,1.292,0.336,0.959,1.295,0.663,2.653,3.317,0.123,0.385,0.508,159,5.0%,55,86,0,0,0.00%
318,Tom Wilson,WSH,28,F,16,7,3,10,26,-14,15:51,13:02,1:34,1:14,5,2,0,1,1,3,0,0,0,0,8,2,0,1,1,20.0%,1.655,0.709,2.364,1.437,0.862,2.3,4.746,0,4.746,0.438,0.188,0.625,33,21.2%,55,7,4,4,50.00%
319,Robby Fabbri,DET,26,F,27,7,9,16,22,0,16:24,13:36,2:46,0:01,4,3,0,3,1,4,5,0,2,0,8,8,0,5,1,50.0%,0.948,1.219,2.166,0.653,0.653,1.306,2.397,3.996,6.393,0.259,0.333,0.593,33,21.2%,49,15,10,16,38.46%
320,Oliver Wahlstrom,NYI,22,F,35,7,9,16,32,5,12:09,11:05,1:03,0:00,6,1,0,1,0,9,0,0,1,0,15,1,0,2,0,6.3%,0.986,1.268,2.255,0.927,1.39,2.317,1.608,0,1.608,0.2,0.257,0.457,70,10.0%,50,15,7,13,35.00%
321,Calle Rosén,STL,28,D,38,7,8,15,8,14,15:23,14:26,0:19,0:37,7,0,0,2,0,8,0,0,0,0,15,0,0,2,0,0.0%,0.718,0.821,1.539,0.765,0.875,1.64,0,0,0,0.184,0.211,0.395,49,14.3%,13,37,0,0,0.00%
322,Brandon Duhaime,MIN,25,F,39,7,1,8,38,4,10:08,9:17,0:03,0:48,6,0,1,2,0,1,0,0,0,0,7,0,1,2,0,0.0%,1.062,0.152,1.214,0.994,0.166,1.16,0,0,0,0.179,0.026,0.205,57,12.3%,115,13,4,5,44.44%
323,Carl Grundström,LAK,25,F,41,7,5,12,16,-6,10:44,9:55,0:06,0:42,6,1,0,1,0,5,0,0,0,0,11,1,0,1,0,8.3%,0.954,0.681,1.635,0.885,0.738,1.623,13.333,0,13.333,0.171,0.122,0.293,60,11.7%,103,10,3,4,42.86%
324,Trevor Moore,LAK,27,F,42,7,13,20,8,-4,17:19,13:36,2:10,1:31,5,1,1,1,0,8,5,0,3,1,13,6,1,4,1,30.0%,0.577,1.072,1.65,0.525,0.84,1.364,0.655,3.275,3.93,0.167,0.31,0.476,123,5.7%,44,13,8,19,29.63%
325,Jaret Anderson-Dolan,LAK,23,F,43,7,5,12,2,-9,10:39,10:06,0:23,0:10,7,0,0,2,0,4,1,0,0,0,11,1,0,2,0,8.3%,0.916,0.654,1.57,0.966,0.552,1.518,0,3.622,3.622,0.163,0.116,0.279,53,13.2%,54,28,23,16,58.97%
326,Adam Erne,DET,27,F,46,7,8,15,15,-8,13:44,12:06,0:01,1:36,7,0,0,1,0,7,0,1,1,0,14,0,1,2,0,0.0%,0.664,0.759,1.423,0.754,0.754,1.508,0,0,0,0.152,0.174,0.326,40,17.5%,130,45,9,12,42.86%
327,Denis Malgin,COL,25,F,46,7,4,11,8,-3,10:38,9:48,0:49,0:00,7,0,0,0,0,3,1,0,1,0,10,1,0,1,0,9.1%,0.858,0.49,1.349,0.931,0.399,1.329,0,1.588,1.588,0.152,0.087,0.239,80,8.8%,46,14,4,3,57.14%
328,Julien Gauthier,OTT,25,F,48,7,4,11,4,-6,8:37,8:35,0:01,0:00,7,0,0,0,0,4,0,0,1,0,11,0,0,1,0,0.0%,1.014,0.58,1.594,1.018,0.582,1.6,0,0,0,0.146,0.083,0.229,47,14.9%,86,7,3,5,37.50%
329,Colin White,FLA,25,F,51,7,7,14,8,5,10:24,9:47,0:34,0:02,7,0,0,0,0,7,0,0,1,0,14,0,0,1,0,0.0%,0.791,0.791,1.583,0.841,0.841,1.681,0,0,0,0.137,0.137,0.275,54,13.0%,39,22,63,83,43.15%
330,Oscar Sundqvist,MIN,28,F,53,7,14,21,20,-4,14:13,11:02,2:12,0:57,5,2,0,0,0,9,5,0,2,0,14,7,0,2,0,33.3%,0.557,1.115,1.672,0.512,0.922,1.435,1.026,2.565,3.591,0.132,0.264,0.396,60,11.7%,42,25,25,35,41.67%
331,Jesper Boqvist,NJD,24,F,53,7,8,15,0,5,11:05,10:31,0:06,0:26,7,0,0,2,0,8,0,0,2,0,15,0,0,4,0,0.0%,0.715,0.817,1.531,0.752,0.86,1.612,0,0,0,0.132,0.151,0.283,47,14.9%,31,15,53,105,33.54%
332,Morgan Geekie,SEA,24,F,54,7,13,20,20,13,10:17,9:16,0:00,1:00,7,0,0,3,0,13,0,0,3,0,20,0,0,6,0,0.0%,0.756,1.404,2.16,0.839,1.557,2.396,0,0,0,0.13,0.241,0.37,55,12.7%,48,26,241,245,49.59%
333,Austin Watson,OTT,30,F,59,7,2,9,99,-9,10:12,8:06,0:02,2:03,4,0,3,2,0,2,0,0,1,0,6,0,3,3,0,0.0%,0.697,0.199,0.896,0.502,0.251,0.753,0,0,0,0.119,0.034,0.153,63,11.1%,139,44,4,7,36.36%
334,Jack Roslovic,CBJ,25,F,61,7,29,36,10,-5,16:21,12:35,2:04,1:41,4,1,2,1,0,23,5,1,6,0,27,6,3,7,0,16.7%,0.421,1.744,2.165,0.313,1.797,2.11,0.475,2.373,2.848,0.115,0.475,0.59,93,7.5%,36,43,338,408,45.31%
335,Hampus Lindholm,BOS,28,D,62,7,34,41,44,41,23:19,18:57,2:11,2:10,6,1,0,2,1,23,11,0,4,0,29,12,0,6,1,29.3%,0.29,1.41,1.701,0.306,1.174,1.48,0.441,4.854,5.295,0.113,0.548,0.661,131,5.3%,61,76,0,0,0.00%
336,Mikhail Sergachyov,TBL,24,D,62,7,37,44,51,9,23:53,19:04,2:25,2:22,5,2,0,1,0,18,18,1,10,1,23,20,1,11,1,45.5%,0.284,1.499,1.783,0.254,0.913,1.167,0.796,7.164,7.96,0.113,0.597,0.71,115,6.1%,97,128,0,0,0.00%
337,Joseph Veleno,DET,22,F,62,7,9,16,20,-1,12:19,11:46,0:20,0:12,7,0,0,1,0,7,2,0,2,0,14,2,0,3,0,12.5%,0.55,0.707,1.256,0.575,0.575,1.151,0,5.737,5.737,0.113,0.145,0.258,65,10.8%,120,32,207,281,42.42%
338,Sean Durzi,LAK,24,D,62,7,27,34,37,-11,19:45,16:10,2:09,1:25,6,1,0,1,0,14,13,0,4,0,20,14,0,5,0,41.2%,0.343,1.322,1.665,0.359,0.838,1.197,0.447,5.811,6.259,0.113,0.435,0.548,98,7.1%,60,110,0,0,0.00%
339,Logan O'Connor,COL,26,F,62,7,14,21,31,7,14:41,12:41,0:03,1:56,5,0,2,0,0,13,0,1,3,0,18,0,3,3,0,0.0%,0.461,0.922,1.383,0.381,0.992,1.373,0,0,0,0.113,0.226,0.339,80,8.8%,101,40,1,9,10.00%
340,Erik Gustafsson,TOR,30,D,63,7,31,38,21,8,20:05,17:38,2:17,0:10,7,0,0,2,0,20,11,0,7,3,27,11,0,9,3,28.9%,0.332,1.469,1.801,0.378,1.08,1.458,0,4.58,4.58,0.111,0.492,0.603,116,6.0%,51,58,0,0,0.00%
341,Erik Haula,NJD,31,F,63,7,25,32,39,15,16:36,13:27,1:13,1:56,5,1,1,0,0,20,5,0,2,0,25,6,1,2,0,18.8%,0.401,1.433,1.834,0.354,1.416,1.77,0.78,3.898,4.677,0.111,0.397,0.508,127,5.5%,75,48,458,364,55.72%
342,Steven Lorentz,SJS,26,F,63,7,7,14,14,-13,11:29,10:10,0:08,1:10,6,0,1,0,0,6,0,1,0,0,12,0,2,0,0,0.0%,0.58,0.58,1.159,0.561,0.561,1.123,0,0,0,0.111,0.111,0.222,80,8.8%,100,29,190,210,47.50%
343,Lars Eller,COL,33,F,64,7,9,16,38,-2,15:09,13:12,0:09,1:48,7,0,0,0,0,9,0,0,0,0,16,0,0,0,0,0.0%,0.433,0.556,0.989,0.497,0.639,1.136,0,0,0,0.109,0.141,0.25,104,6.7%,84,36,440,368,54.46%
344,Esa Lindell,DAL,28,D,64,7,12,19,10,31,19:52,16:02,0:02,3:47,7,0,0,1,0,11,0,1,0,0,18,0,1,1,0,0.0%,0.33,0.566,0.896,0.409,0.643,1.052,0,0,0,0.109,0.188,0.297,92,7.6%,72,127,0,0,0.00%
345,David Kämpf,TOR,27,F,64,7,16,23,6,3,15:18,12:31,0:04,2:42,7,0,0,1,0,14,0,2,3,0,21,0,2,4,0,0.0%,0.429,0.98,1.409,0.524,1.048,1.573,0,0,0,0.109,0.25,0.359,87,8.1%,61,27,468,427,52.29%
346,Alexander Kerfoot,TOR,28,F,64,7,19,26,20,9,14:47,12:25,0:37,1:44,4,2,1,1,0,17,1,1,3,0,21,3,2,4,0,11.5%,0.444,1.204,1.648,0.302,1.283,1.585,2.985,1.493,4.478,0.109,0.297,0.406,106,6.6%,40,39,55,72,43.31%
347,Matthew Martin,NYI,33,F,65,7,12,19,54,4,11:09,11:00,0:03,0:06,7,0,0,1,0,12,0,0,3,0,19,0,0,4,0,0.0%,0.579,0.992,1.571,0.587,1.006,1.593,0,0,0,0.108,0.185,0.292,67,10.5%,248,36,8,13,38.10%
348,Sean Monahan,MTL,28,F,25,6,11,17,16,-5,17:22,12:33,3:09,1:39,5,1,0,0,0,8,3,0,2,1,13,4,0,2,1,23.5%,0.829,1.52,2.349,0.955,1.528,2.483,0.761,2.283,3.044,0.24,0.44,0.68,55,10.9%,10,8,177,144,55.14%
349,Dylan Guenther,ARI,19,F,33,6,9,15,10,-7,13:06,11:08,1:54,0:03,2,4,0,1,0,7,2,0,0,0,9,6,0,1,0,40.0%,0.832,1.248,2.08,0.326,1.142,1.468,3.819,1.909,5.728,0.182,0.273,0.455,53,11.3%,18,11,2,2,50.00%
350,Brett Ritchie,CGY,29,F,34,6,2,8,23,2,9:24,9:14,0:09,0:00,6,0,0,0,0,2,0,0,0,0,8,0,0,0,0,0.0%,1.126,0.375,1.501,1.145,0.382,1.527,0,0,0,0.176,0.059,0.235,46,13.0%,58,5,2,1,66.67%
351,Adam Ruzicka,CGY,23,F,41,6,14,20,8,1,11:40,9:53,1:45,0:00,4,2,0,2,0,10,4,0,1,0,14,6,0,3,0,30.0%,0.753,1.756,2.508,0.592,1.479,2.071,1.662,3.325,4.987,0.146,0.341,0.488,59,10.2%,25,6,72,83,46.45%
352,Jake Walman,DET,26,D,44,6,5,11,29,16,19:12,16:41,0:40,1:50,6,0,0,1,1,4,1,0,1,0,10,1,0,2,1,9.1%,0.426,0.355,0.781,0.49,0.327,0.817,0,2.004,2.004,0.136,0.114,0.25,102,5.9%,37,85,0,0,0.00%
353,Craig Smith,WSH,33,F,47,6,6,12,16,7,10:22,10:09,0:13,0:00,6,0,0,1,0,5,1,0,2,0,11,1,0,3,0,8.3%,0.738,0.738,1.477,0.755,0.629,1.383,0,5.769,5.769,0.128,0.128,0.255,58,10.3%,35,13,1,6,14.29%
354,Dmitry Orlov,BOS,31,D,48,6,22,28,12,8,22:28,19:29,1:16,1:43,5,1,0,2,2,16,5,1,4,0,21,6,1,6,2,21.4%,0.334,1.223,1.557,0.321,1.026,1.347,0.982,4.911,5.894,0.125,0.458,0.583,85,7.1%,96,68,0,0,0.00%
355,Danton Heinen,PIT,27,F,48,6,12,18,12,-4,11:14,10:13,0:59,0:01,5,1,0,0,0,11,1,0,2,0,16,2,0,2,0,11.1%,0.667,1.334,2.001,0.611,1.344,1.955,1.26,1.26,2.519,0.125,0.25,0.375,73,8.2%,57,18,2,3,40.00%
356,Mattias Janmark-Nylén,EDM,30,F,49,6,12,18,20,2,15:20,13:11,0:05,2:03,5,0,1,0,0,11,0,1,1,0,16,0,2,1,0,0.0%,0.479,0.958,1.437,0.464,1.021,1.485,0,0,0,0.122,0.245,0.367,61,9.8%,14,20,14,22,38.89%
357,Fabian Zetterlund,SJS,23,F,50,6,14,20,8,0,13:16,12:28,0:46,0:00,5,1,0,1,1,12,2,0,1,0,17,3,0,2,1,15.0%,0.543,1.266,1.809,0.481,1.155,1.636,1.536,3.072,4.608,0.12,0.28,0.4,90,6.7%,41,14,6,10,37.50%
358,Maxime Comtois,ANA,23,F,50,6,6,12,72,-14,13:37,12:34,0:54,0:07,6,0,0,0,0,6,0,0,1,0,12,0,0,1,0,0.0%,0.529,0.529,1.057,0.572,0.572,1.145,0,0,0,0.12,0.12,0.24,70,8.6%,71,21,12,16,42.86%
359,Morgan Barron,WPG,24,F,52,6,9,15,26,0,14:03,12:17,0:05,1:41,5,0,1,1,0,8,1,0,1,0,13,1,1,2,0,6.7%,0.492,0.738,1.231,0.469,0.751,1.221,0,12.811,12.811,0.115,0.173,0.288,87,6.9%,83,34,8,13,38.10%
360,Joel Kiviranta,DAL,26,F,53,6,0,6,30,-9,12:10,10:27,0:02,1:39,5,0,1,0,0,0,0,0,0,0,5,0,1,0,0,0.0%,0.558,0,0.558,0.541,0,0.541,0,0,0,0.113,0,0.113,70,8.6%,86,15,2,6,25.00%
361,Nate Schmidt,WPG,31,D,54,6,7,13,8,10,18:57,16:09,1:35,1:11,3,3,0,0,0,5,2,0,1,0,8,5,0,1,0,38.5%,0.352,0.41,0.762,0.206,0.344,0.55,2.085,1.39,3.476,0.111,0.13,0.241,76,7.9%,35,66,0,0,0.00%
362,Justin Schultz,SEA,32,D,56,6,23,29,34,6,17:58,15:39,2:14,0:04,5,1,0,3,1,13,10,0,6,2,18,11,0,9,3,37.9%,0.358,1.371,1.729,0.342,0.89,1.232,0.478,4.775,5.253,0.107,0.411,0.518,76,7.9%,24,57,0,0,0.00%
363,Tyson Jost,BUF,24,F,56,6,15,21,30,-9,13:40,12:01,0:05,1:34,6,0,0,0,0,15,0,0,1,0,21,0,0,1,0,0.0%,0.47,1.175,1.645,0.535,1.336,1.871,0,0,0,0.107,0.268,0.375,82,7.3%,49,21,145,224,39.30%
364,Nils Lundkvist,DAL,22,D,57,6,10,16,26,-6,16:43,15:17,1:24,0:02,5,1,0,2,1,8,2,0,3,0,13,3,0,5,1,18.8%,0.378,0.629,1.007,0.344,0.551,0.895,0.75,1.501,2.251,0.105,0.175,0.281,92,6.5%,48,63,0,0,0.00%
365,Vladislav Namestnikov,WPG,30,F,59,6,10,16,19,-1,11:50,10:14,0:51,0:44,6,0,0,0,0,8,2,0,1,0,14,2,0,1,0,12.5%,0.516,0.859,1.375,0.596,0.794,1.39,0,2.385,2.385,0.102,0.169,0.271,74,8.1%,83,25,54,85,38.85%
366,Victor Hedman,TBL,32,D,60,6,36,42,26,10,23:59,19:14,2:55,1:49,6,0,0,1,0,22,12,2,3,0,28,12,2,4,0,28.6%,0.25,1.501,1.751,0.312,1.143,1.455,0,4.106,4.106,0.1,0.6,0.7,144,4.2%,74,109,0,0,0.00%
367,Ryan Graves,NJD,27,D,60,6,15,21,20,31,19:49,17:30,0:03,2:16,6,0,0,1,0,14,0,1,1,0,20,0,1,2,0,0.0%,0.303,0.757,1.059,0.343,0.8,1.143,0,0,0,0.1,0.25,0.35,107,5.6%,69,117,0,0,0.00%
368,K'Andre Miller,NYR,22,D,60,6,24,30,39,1,21:56,19:26,0:32,1:57,6,0,0,2,0,19,3,2,4,1,25,3,2,6,1,10.0%,0.274,1.094,1.368,0.309,0.978,1.286,0,5.516,5.516,0.1,0.4,0.5,86,7.0%,130,74,0,0,0.00%
369,Nick Cousins,FLA,29,F,62,6,17,23,34,2,11:32,11:19,0:11,0:00,6,0,0,2,0,17,0,0,2,0,23,0,0,4,0,0.0%,0.503,1.426,1.93,0.512,1.452,1.964,0,0,0,0.097,0.274,0.371,86,7.0%,61,30,49,48,50.52%
370,Keegan Kolesar,VGK,25,F,62,6,9,15,52,7,11:30,11:23,0:00,0:06,6,0,0,0,0,9,0,0,2,0,15,0,0,2,0,0.0%,0.504,0.757,1.261,0.51,0.764,1.274,0,0,0,0.097,0.145,0.242,52,11.5%,233,28,8,16,33.33%
371,Andrew Copp,DET,28,F,63,6,27,33,21,5,17:44,13:48,1:44,2:12,5,1,0,2,1,25,2,0,2,1,30,3,0,4,2,9.1%,0.322,1.449,1.771,0.345,1.725,2.07,0.547,1.094,1.642,0.095,0.429,0.524,85,7.1%,26,33,467,491,48.75%
372,Darnell Nurse,EDM,27,D,65,6,27,33,58,19,23:44,19:50,0:58,2:54,5,0,1,2,0,25,1,1,6,2,30,1,2,8,2,3.0%,0.233,1.05,1.283,0.233,1.163,1.396,0,0.939,0.939,0.092,0.415,0.508,158,3.8%,112,129,0,0,0.00%
373,Trevor Van Riemsdyk,WSH,31,D,65,6,12,18,15,10,18:51,16:03,0:12,2:36,6,0,0,0,0,11,1,0,0,0,17,1,0,0,0,5.6%,0.294,0.587,0.881,0.345,0.633,0.978,0,4.455,4.455,0.092,0.185,0.277,78,7.7%,21,144,0,0,0.00%
374,Elmer Söderblom,DET,21,F,21,5,3,8,8,0,12:04,10:56,1:07,0:00,5,0,0,2,0,3,0,0,0,0,8,0,0,2,0,0.0%,1.183,0.71,1.893,1.305,0.783,2.089,0,0,0,0.238,0.143,0.381,30,16.7%,21,11,1,3,25.00%
375,Bowen Byram,COL,21,D,24,5,9,14,17,8,21:52,19:12,1:25,1:15,3,1,1,1,0,7,2,0,0,0,10,3,1,1,0,21.4%,0.571,1.028,1.599,0.391,0.911,1.302,1.752,3.504,5.255,0.208,0.375,0.583,38,13.2%,46,35,0,0,0.00%
376,Nikolaj Ehlers,WPG,26,F,28,5,18,23,4,-6,15:53,12:55,2:56,0:01,3,2,0,0,0,12,6,0,1,0,15,8,0,1,0,34.8%,0.674,2.427,3.102,0.497,1.989,2.486,1.461,4.382,5.843,0.179,0.643,0.821,85,5.9%,25,6,1,1,50.00%
377,Drew O'Connor,PIT,24,F,29,5,3,8,6,-3,9:19,8:49,0:02,0:27,5,0,0,0,0,3,0,0,0,0,8,0,0,0,0,0.0%,1.11,0.666,1.776,1.172,0.703,1.876,0,0,0,0.172,0.103,0.276,41,12.2%,43,9,16,19,45.71%
378,Michael Matheson,MTL,28,D,30,5,14,19,23,5,23:54,18:11,3:29,2:14,5,0,0,1,1,9,5,0,1,0,14,5,0,2,1,26.3%,0.418,1.171,1.589,0.55,0.99,1.54,0,2.866,2.866,0.167,0.467,0.633,73,6.9%,43,41,0,0,0.00%
379,Mark Jankowski,NSH,28,F,30,5,3,8,10,2,12:11,10:27,0:06,1:38,4,0,1,2,0,3,0,0,0,0,7,0,1,2,0,0.0%,0.82,0.492,1.312,0.765,0.574,1.339,0,0,0,0.167,0.1,0.267,33,15.2%,29,25,118,93,55.92%
380,Luke Kunin,SJS,25,F,31,5,8,13,42,-9,15:25,12:10,1:24,1:50,3,2,0,0,0,6,2,0,0,0,9,4,0,0,0,30.8%,0.627,1.003,1.63,0.477,0.954,1.432,2.733,2.733,5.467,0.161,0.258,0.419,58,8.6%,63,27,5,7,41.67%
381,Kevin Stenlund,WPG,26,F,36,5,2,7,14,0,12:18,9:53,0:37,1:47,4,0,1,0,0,2,0,0,0,0,6,0,1,0,0,0.0%,0.677,0.271,0.948,0.674,0.337,1.011,0,0,0,0.139,0.056,0.194,48,10.4%,17,18,185,173,51.68%
382,Nathan Bastian,NJD,25,F,36,5,6,11,31,6,12:43,10:23,1:06,1:14,5,0,0,1,0,6,0,0,0,0,11,0,0,1,0,0.0%,0.655,0.785,1.44,0.802,0.962,1.764,0,0,0,0.139,0.167,0.306,53,9.4%,80,33,8,20,28.57%
383,Emil Bemström,CBJ,23,F,37,5,11,16,4,-3,11:41,10:22,1:18,0:00,3,2,0,0,0,9,2,0,1,0,12,4,0,1,0,25.0%,0.694,1.526,2.22,0.469,1.406,1.874,2.484,2.484,4.969,0.135,0.297,0.432,60,8.3%,13,12,6,8,42.86%
384,Pontus Holmberg,TOR,23,F,37,5,8,13,18,0,10:25,9:48,0:28,0:07,4,1,0,2,0,8,0,0,0,0,12,1,0,2,0,7.7%,0.778,1.245,2.023,0.661,1.322,1.983,3.383,0,3.383,0.135,0.216,0.351,27,18.5%,24,18,93,126,42.47%
385,Ryan Poehling,PIT,23,F,38,5,6,11,4,6,10:57,8:42,0:05,2:09,3,0,2,0,0,5,0,1,0,0,8,0,3,0,0,0.0%,0.721,0.865,1.586,0.544,0.907,1.451,0,0,0,0.132,0.158,0.289,45,11.1%,49,26,107,143,42.80%
386,Juuso Pärssinen,NSH,21,F,42,5,18,23,15,2,14:27,12:27,1:58,0:01,4,1,0,2,0,11,7,0,1,0,15,8,0,3,0,34.8%,0.494,1.779,2.273,0.459,1.261,1.72,0.723,5.061,5.784,0.119,0.429,0.548,47,10.6%,75,16,156,154,50.32%
387,Torey Krug,STL,31,D,45,5,18,23,19,-35,19:03,16:03,2:56,0:03,1,4,0,1,0,10,8,0,3,2,11,12,0,4,2,52.2%,0.35,1.259,1.609,0.083,0.83,0.913,1.814,3.629,5.443,0.111,0.4,0.511,95,5.3%,34,63,0,0,0.00%
388,Adam Pelech,NYI,28,D,45,5,11,16,34,13,21:13,18:21,0:08,2:43,5,0,0,0,0,10,0,1,3,2,15,0,1,3,2,0.0%,0.314,0.691,1.005,0.363,0.726,1.089,0,0,0,0.111,0.244,0.356,63,7.9%,64,75,0,0,0.00%
389,Michael Pezzetta,MTL,24,F,45,5,7,12,48,0,8:57,8:32,0:00,0:24,5,0,0,0,0,6,1,0,0,0,11,1,0,0,0,8.3%,0.745,1.043,1.788,0.781,0.937,1.718,0,189.474,189.474,0.111,0.156,0.267,49,10.2%,161,17,7,10,41.18%
390,Michael Stone,CGY,32,D,46,5,5,10,35,2,13:13,12:22,0:26,0:24,5,0,0,0,0,3,2,0,0,0,8,2,0,0,0,20.0%,0.493,0.493,0.986,0.527,0.316,0.843,0,5.844,5.844,0.109,0.109,0.217,86,5.8%,52,55,0,0,0.00%
391,A.J. Greer,BOS,26,F,46,5,5,10,68,8,9:03,8:55,0:05,0:03,5,0,0,1,0,5,0,0,1,0,10,0,0,2,0,0.0%,0.719,0.719,1.439,0.73,0.73,1.461,0,0,0,0.109,0.109,0.217,44,11.4%,88,19,1,0,100.00%
392,Matias Maccelli,ARI,22,F,46,5,28,33,16,4,15:15,13:10,1:53,0:11,4,1,0,1,0,19,9,0,4,1,23,10,0,5,1,30.3%,0.427,2.393,2.82,0.396,1.882,2.278,0.688,6.188,6.875,0.109,0.609,0.717,38,13.2%,19,14,0,6,0.00%
393,Jeff Petry,PIT,35,D,47,5,19,24,20,4,22:42,18:02,2:29,2:10,3,2,0,0,0,14,5,0,3,1,17,7,0,3,1,29.2%,0.281,1.068,1.349,0.212,0.991,1.203,1.022,2.556,3.578,0.106,0.404,0.511,95,5.3%,145,81,0,0,0.00%
394,Tomas Nosek,BOS,30,F,47,5,6,11,38,7,12:25,9:51,0:02,2:32,3,0,2,0,0,6,0,0,1,0,9,0,2,1,0,0.0%,0.513,0.616,1.13,0.389,0.777,1.166,0,0,0,0.106,0.128,0.234,51,9.8%,50,22,216,145,59.83%
395,Charlie McAvoy,BOS,25,D,49,5,38,43,32,26,22:35,17:40,2:53,2:01,4,1,0,2,1,23,15,0,8,1,27,16,0,10,2,37.2%,0.271,2.06,2.331,0.277,1.594,1.871,0.423,6.348,6.771,0.102,0.776,0.878,79,6.3%,59,97,0,0,0.00%
396,Axel Jonsson Fjällby,WPG,24,F,49,5,8,13,8,-2,10:25,9:29,0:02,0:53,5,0,0,2,0,7,0,1,0,0,12,0,1,2,0,0.0%,0.588,0.94,1.528,0.646,0.904,1.549,0,0,0,0.102,0.163,0.265,53,9.4%,41,18,1,4,20.00%
397,Marcus Foligno,MIN,31,F,50,5,11,16,55,-5,15:05,12:48,1:13,1:04,5,0,0,0,0,9,2,0,1,0,14,2,0,1,0,12.5%,0.397,0.874,1.272,0.469,0.844,1.312,0,1.972,1.972,0.1,0.22,0.32,64,7.8%,179,30,6,7,46.15%
398,Derek Forbort,BOS,30,D,50,5,7,12,23,16,17:59,14:48,0:02,3:08,3,0,2,2,0,7,0,0,1,0,10,0,2,3,0,0.0%,0.334,0.467,0.801,0.243,0.567,0.81,0,0,0,0.1,0.14,0.24,38,13.2%,99,83,0,0,0.00%
399,Alexei Toropchenko,STL,23,F,50,5,6,11,10,-1,11:27,10:27,0:06,0:53,4,0,1,0,0,6,0,0,0,0,10,0,1,0,0,0.0%,0.523,0.628,1.152,0.459,0.688,1.147,0,0,0,0.1,0.12,0.22,57,8.8%,98,25,1,3,25.00%
400,Timothy Liljegren,TOR,23,D,51,5,10,15,26,24,18:37,16:36,0:24,1:36,4,0,1,0,0,8,1,1,1,1,12,1,2,1,1,6.7%,0.316,0.632,0.948,0.283,0.567,0.85,0,2.932,2.932,0.098,0.196,0.294,64,7.8%,82,76,0,0,0.00%
422,Braden Schneider,NYR,21,D,62,5,11,16,11,10,15:31,14:49,0:02,0:39,5,0,0,1,0,11,0,0,2,1,16,0,0,3,1,0.0%,0.312,0.686,0.998,0.326,0.718,1.044,0,0,0,0.081,0.177,0.258,64,7.8%,111,95,0,0,0.00%
423,Travis Hamonic,OTT,32,D,63,5,9,14,65,-7,18:51,15:29,0:04,3:17,5,0,0,1,0,8,0,1,2,0,13,0,1,3,0,0.0%,0.252,0.454,0.707,0.307,0.492,0.799,0,0,0,0.079,0.143,0.222,109,4.6%,92,118,0,0,0.00%
424,Ben Chiarot,DET,31,D,63,5,12,17,47,-26,20:39,17:44,0:30,2:24,5,0,0,0,0,12,0,0,1,0,17,0,0,1,0,0.0%,0.23,0.553,0.784,0.268,0.644,0.912,0,0,0,0.079,0.19,0.27,98,5.1%,132,140,0,0,0.00%
425,Jacob Trouba,NYR,28,D,63,5,15,20,55,-6,21:19,18:01,1:07,2:10,2,2,1,1,0,12,2,1,1,0,14,4,2,2,0,20.0%,0.223,0.67,0.893,0.106,0.634,0.74,1.684,1.684,3.368,0.079,0.238,0.317,163,3.1%,173,158,0,1,0.00%
426,Connor Murphy,CHI,29,D,63,5,4,9,56,-2,19:26,17:15,0:03,2:07,4,0,1,0,0,4,0,0,0,0,8,0,1,0,0,0.0%,0.245,0.196,0.441,0.221,0.221,0.442,0,0,0,0.079,0.063,0.143,61,8.2%,128,125,0,0,0.00%
427,Oskar Lindblom,SJS,26,F,63,5,8,13,12,-15,10:45,9:43,0:31,0:30,5,0,0,0,0,7,1,0,0,0,12,1,0,0,0,7.7%,0.443,0.709,1.151,0.49,0.686,1.176,0,1.821,1.821,0.079,0.127,0.206,63,7.9%,53,19,9,10,47.37%
428,Connor Dewar,MIN,23,F,63,5,8,13,39,-6,10:48,9:05,0:03,1:39,2,0,3,0,0,7,0,1,2,0,9,0,4,2,0,0.0%,0.441,0.705,1.146,0.21,0.734,0.943,0,0,0,0.079,0.127,0.206,65,7.7%,103,40,167,196,46.01%
429,Adam Larsson,SEA,30,D,64,5,21,26,35,19,23:53,20:52,0:09,2:51,4,0,1,0,0,21,0,0,0,0,25,0,1,0,0,0.0%,0.196,0.824,1.02,0.18,0.943,1.122,0,0,0,0.078,0.328,0.406,114,4.4%,169,132,0,0,0.00%
430,Jani Hakanpää,DAL,30,D,64,5,6,11,46,24,19:23,15:48,0:03,3:31,5,0,0,1,0,6,0,0,2,0,11,0,0,3,0,0.0%,0.242,0.29,0.532,0.296,0.356,0.652,0,0,0,0.078,0.094,0.172,64,7.8%,170,106,0,0,0.00%
431,Nick Deslauriers,PHI,31,F,64,5,6,11,99,-9,10:19,9:21,0:02,0:54,4,0,1,0,0,6,0,0,1,0,10,0,1,1,0,0.0%,0.454,0.545,0.999,0.401,0.601,1.002,0,0,0,0.078,0.094,0.172,61,8.2%,244,22,1,6,14.29%
432,J.J. Moser,ARI,22,D,64,5,19,24,31,-14,20:25,15:29,2:14,2:41,4,1,0,1,0,11,8,0,4,0,15,9,0,5,0,37.5%,0.229,0.872,1.101,0.242,0.666,0.908,0.418,3.345,3.764,0.078,0.297,0.375,66,7.6%,61,95,0,0,0.00%
433,Casey Cizikas,NYI,31,F,65,5,12,17,52,0,14:29,12:24,0:06,1:58,5,0,0,0,0,11,0,1,2,0,16,0,1,2,0,0.0%,0.318,0.764,1.082,0.372,0.818,1.19,0,0,0,0.077,0.185,0.262,84,6.0%,156,46,414,361,53.42%
434,Scott Mayfield,NYI,30,D,66,5,12,17,71,3,20:50,17:53,0:02,2:55,5,0,0,0,0,12,0,0,3,0,17,0,0,3,0,0.0%,0.218,0.523,0.741,0.254,0.61,0.864,0,0,0,0.076,0.182,0.258,93,5.4%,85,137,0,0,0.00%